match_form,headword,sublist,family_id
analyse,analyse,1,analyse
analysed,analyse,1,analyse
analyser,analyse,1,analyse
analysers,analyse,1,analyse
analyses,analyse,1,analyse
analysing,analyse,1,analyse
analysis,analyse,1,analyse
analyst,analyse,1,analyse
analysts,analyse,1,analyse
analytic,analyse,1,analyse
analytical,analyse,1,analyse
analytically,analyse,1,analyse
analyze,analyse,1,analyse
analyzed,analyse,1,analyse
analyzes,analyse,1,analyse
analyzing,analyse,1,analyse
approach,approach,1,approach
approachable,approach,1,approach
approached,approach,1,approach
approaches,approach,1,approach
approaching,approach,1,approach
unapproachable,approach,1,approach
area,area,1,area
areas,area,1,area
assess,assess,1,assess
assessable,assess,1,assess
assessed,assess,1,assess
assesses,assess,1,assess
assessing,assess,1,assess
assessment,assess,1,assess
assessments,assess,1,assess
reassess,assess,1,assess
reassessed,assess,1,assess
reassessing,assess,1,assess
reassessment,assess,1,assess
unassessed,assess,1,assess
assume,assume,1,assume
assumed,assume,1,assume
assumes,assume,1,assume
assuming,assume,1,assume
assumption,assume,1,assume
assumptions,assume,1,assume
authority,authority,1,authority
authoritative,authority,1,authority
authorities,authority,1,authority
available,available,1,available
availability,available,1,available
unavailable,available,1,available
benefit,benefit,1,benefit
beneficial,benefit,1,benefit
beneficiaries,benefit,1,benefit
beneficiary,benefit,1,benefit
benefited,benefit,1,benefit
benefiting,benefit,1,benefit
benefits,benefit,1,benefit
concept,concept,1,concept
conception,concept,1,concept
concepts,concept,1,concept
conceptual,concept,1,concept
conceptualisation,concept,1,concept
conceptualise,concept,1,concept
conceptualised,concept,1,concept
conceptualises,concept,1,concept
conceptualising,concept,1,concept
conceptually,concept,1,concept
consist,consist,1,consist
consisted,consist,1,consist
consistency,consist,1,consist
consistent,consist,1,consist
consistently,consist,1,consist
consisting,consist,1,consist
consists,consist,1,consist
inconsistencies,consist,1,consist
inconsistency,consist,1,consist
inconsistent,consist,1,consist
constitute,constitute,1,constitute
constituencies,constitute,1,constitute
constituency,constitute,1,constitute
constituent,constitute,1,constitute
constituents,constitute,1,constitute
constituted,constitute,1,constitute
constitutes,constitute,1,constitute
constituting,constitute,1,constitute
constitution,constitute,1,constitute
constitutional,constitute,1,constitute
constitutionally,constitute,1,constitute
constitutions,constitute,1,constitute
constitutive,constitute,1,constitute
unconstitutional,constitute,1,constitute
context,context,1,context
contexts,context,1,context
contextual,context,1,context
contextualise,context,1,context
contextualised,context,1,context
contextualising,context,1,context
contextualize,context,1,context
contextualized,context,1,context
contextualizing,context,1,context
uncontextualised,context,1,context
uncontextualized,context,1,context
contract,contract,1,contract
contracted,contract,1,contract
contracting,contract,1,contract
contractor,contract,1,contract
contractors,contract,1,contract
contracts,contract,1,contract
create,create,1,create
created,create,1,create
creates,create,1,create
creating,create,1,create
creation,create,1,create
creations,create,1,create
creative,create,1,create
creatively,create,1,create
creativity,create,1,create
creator,create,1,create
creators,create,1,create
recreate,create,1,create
recreated,create,1,create
recreates,create,1,create
recreating,create,1,create
data,data,1,data
define,define,1,define
definable,define,1,define
defined,define,1,define
defines,define,1,define
defining,define,1,define
definition,define,1,define
definitions,define,1,define
redefine,define,1,define
redefined,define,1,define
redefines,define,1,define
redefining,define,1,define
undefined,define,1,define
derive,derive,1,derive
derivation,derive,1,derive
derivations,derive,1,derive
derivative,derive,1,derive
derivatives,derive,1,derive
derived,derive,1,derive
derives,derive,1,derive
deriving,derive,1,derive
distribute,distribute,1,distribute
distributed,distribute,1,distribute
distributing,distribute,1,distribute
distribution,distribute,1,distribute
distributional,distribute,1,distribute
distributions,distribute,1,distribute
distributive,distribute,1,distribute
distributor,distribute,1,distribute
distributors,distribute,1,distribute
redistribute,distribute,1,distribute
redistributed,distribute,1,distribute
redistributes,distribute,1,distribute
redistributing,distribute,1,distribute
redistribution,distribute,1,distribute
economy,economy,1,economy
economic,economy,1,economy
economical,economy,1,economy
economically,economy,1,economy
economics,economy,1,economy
economies,economy,1,economy
economist,economy,1,economy
economists,economy,1,economy
uneconomical,economy,1,economy
environment,environment,1,environment
environmental,environment,1,environment
environmentalist,environment,1,environment
environmentalists,environment,1,environment
environmentally,environment,1,environment
environments,environment,1,environment
establish,establish,1,establish
disestablish,establish,1,establish
disestablished,establish,1,establish
disestablishes,establish,1,establish
disestablishing,establish,1,establish
disestablishment,establish,1,establish
established,establish,1,establish
establishes,establish,1,establish
establishing,establish,1,establish
establishment,establish,1,establish
establishments,establish,1,establish
estimate,estimate,1,estimate
estimated,estimate,1,estimate
estimates,estimate,1,estimate
estimating,estimate,1,estimate
estimation,estimate,1,estimate
estimations,estimate,1,estimate
over-estimate,estimate,1,estimate
overestimate,estimate,1,estimate
overestimated,estimate,1,estimate
overestimates,estimate,1,estimate
overestimating,estimate,1,estimate
underestimate,estimate,1,estimate
underestimated,estimate,1,estimate
underestimates,estimate,1,estimate
underestimating,estimate,1,estimate
evident,evident,1,evident
evidence,evident,1,evident
evidenced,evident,1,evident
evidential,evident,1,evident
evidently,evident,1,evident
export,export,1,export
exported,export,1,export
exporter,export,1,export
exporters,export,1,export
exporting,export,1,export
exports,export,1,export
factor,factor,1,factor
factored,factor,1,factor
factoring,factor,1,factor
factors,factor,1,factor
finance,finance,1,finance
financed,finance,1,finance
finances,finance,1,finance
financial,finance,1,finance
financially,finance,1,finance
financier,finance,1,finance
financiers,finance,1,finance
financing,finance,1,finance
formula,formula,1,formula
formulae,formula,1,formula
formulas,formula,1,formula
formulate,formula,1,formula
formulated,formula,1,formula
formulating,formula,1,formula
formulation,formula,1,formula
formulations,formula,1,formula
reformulate,formula,1,formula
reformulated,formula,1,formula
reformulating,formula,1,formula
reformulation,formula,1,formula
reformulations,formula,1,formula
function,function,1,function
functional,function,1,function
functionally,function,1,function
functioned,function,1,function
functioning,function,1,function
functions,function,1,function
identify,identify,1,identify
identifiable,identify,1,identify
identification,identify,1,identify
identified,identify,1,identify
identifies,identify,1,identify
identifying,identify,1,identify
identities,identify,1,identify
identity,identify,1,identify
unidentifiable,identify,1,identify
income,income,1,income
incomes,income,1,income
indicate,indicate,1,indicate
indicated,indicate,1,indicate
indicates,indicate,1,indicate
indicating,indicate,1,indicate
indication,indicate,1,indicate
indications,indicate,1,indicate
indicative,indicate,1,indicate
indicator,indicate,1,indicate
indicators,indicate,1,indicate
individual,individual,1,individual
individualised,individual,1,individual
individualism,individual,1,individual
individualist,individual,1,individual
individualistic,individual,1,individual
individualists,individual,1,individual
individuality,individual,1,individual
individually,individual,1,individual
individuals,individual,1,individual
interpret,interpret,1,interpret
interpretation,interpret,1,interpret
interpretations,interpret,1,interpret
interpretative,interpret,1,interpret
interpreted,interpret,1,interpret
interpreting,interpret,1,interpret
interpretive,interpret,1,interpret
interprets,interpret,1,interpret
misinterpret,interpret,1,interpret
misinterpretation,interpret,1,interpret
misinterpretations,interpret,1,interpret
misinterpreted,interpret,1,interpret
misinterpreting,interpret,1,interpret
misinterprets,interpret,1,interpret
reinterpret,interpret,1,interpret
reinterpretation,interpret,1,interpret
reinterpretations,interpret,1,interpret
reinterpreted,interpret,1,interpret
reinterpreting,interpret,1,interpret
reinterprets,interpret,1,interpret
involve,involve,1,involve
involved,involve,1,involve
involvement,involve,1,involve
involves,involve,1,involve
involving,involve,1,involve
uninvolved,involve,1,involve
issue,issue,1,issue
issued,issue,1,issue
issues,issue,1,issue
issuing,issue,1,issue
labour,labour,1,labour
labor,labour,1,labour
labored,labour,1,labour
labors,labour,1,labour
laboured,labour,1,labour
labouring,labour,1,labour
labours,labour,1,labour
legal,legal,1,legal
illegal,legal,1,legal
illegality,legal,1,legal
illegally,legal,1,legal
legality,legal,1,legal
legally,legal,1,legal
legislate,legislate,1,legislate
legislated,legislate,1,legislate
legislates,legislate,1,legislate
legislating,legislate,1,legislate
legislation,legislate,1,legislate
legislative,legislate,1,legislate
legislator,legislate,1,legislate
legislators,legislate,1,legislate
legislature,legislate,1,legislate
major,major,1,major
majorities,major,1,major
majority,major,1,major
method,method,1,method
methodical,method,1,method
methodological,method,1,method
methodologies,method,1,method
methodology,method,1,method
methods,method,1,method
occur,occur,1,occur
occurred,occur,1,occur
occurrence,occur,1,occur
occurrences,occur,1,occur
occurring,occur,1,occur
occurs,occur,1,occur
reoccur,occur,1,occur
reoccurred,occur,1,occur
reoccurring,occur,1,occur
reoccurs,occur,1,occur
percent,percent,1,percent
percentage,percent,1,percent
percentages,percent,1,percent
period,period,1,period
periodic,period,1,period
periodical,period,1,period
periodically,period,1,period
periodicals,period,1,period
periods,period,1,period
policy,policy,1,policy
policies,policy,1,policy
principle,principle,1,principle
principled,principle,1,principle
principles,principle,1,principle
unprincipled,principle,1,principle
proceed,proceed,1,proceed
procedural,proceed,1,proceed
procedure,proceed,1,proceed
procedures,proceed,1,proceed
proceeded,proceed,1,proceed
proceeding,proceed,1,proceed
proceedings,proceed,1,proceed
proceeds,proceed,1,proceed
process,process,1,process
processed,process,1,process
processes,process,1,process
processing,process,1,process
require,require,1,require
required,require,1,require
requirement,require,1,require
requirements,require,1,require
requires,require,1,require
requiring,require,1,require
research,research,1,research
researched,research,1,research
researcher,research,1,research
researchers,research,1,research
researches,research,1,research
researching,research,1,research
respond,respond,1,respond
responded,respond,1,respond
respondent,respond,1,respond
respondents,respond,1,respond
responding,respond,1,respond
responds,respond,1,respond
response,respond,1,respond
responses,respond,1,respond
responsive,respond,1,respond
responsiveness,respond,1,respond
unresponsive,respond,1,respond
role,role,1,role
roles,role,1,role
section,section,1,section
sectioned,section,1,section
sectioning,section,1,section
sections,section,1,section
sector,sector,1,sector
sectors,sector,1,sector
significant,significant,1,significant
insignificant,significant,1,significant
insignificantly,significant,1,significant
significance,significant,1,significant
significantly,significant,1,significant
signified,significant,1,significant
signifies,significant,1,significant
signify,significant,1,significant
signifying,significant,1,significant
similar,similar,1,similar
dissimilar,similar,1,similar
similarities,similar,1,similar
similarity,similar,1,similar
similarly,similar,1,similar
source,source,1,source
sourced,source,1,source
sources,source,1,source
sourcing,source,1,source
specific,specific,1,specific
specifically,specific,1,specific
specification,specific,1,specific
specifications,specific,1,specific
specificity,specific,1,specific
specifics,specific,1,specific
structure,structure,1,structure
restructure,structure,1,structure
restructured,structure,1,structure
restructures,structure,1,structure
restructuring,structure,1,structure
structural,structure,1,structure
structurally,structure,1,structure
structured,structure,1,structure
structures,structure,1,structure
structuring,structure,1,structure
unstructured,structure,1,structure
theory,theory,1,theory
theoretical,theory,1,theory
theoretically,theory,1,theory
theories,theory,1,theory
theorist,theory,1,theory
theorists,theory,1,theory
vary,vary,1,vary
invariable,vary,1,vary
invariably,vary,1,vary
variability,vary,1,vary
variable,vary,1,vary
variables,vary,1,vary
variably,vary,1,vary
variance,vary,1,vary
variant,vary,1,vary
variants,vary,1,vary
variation,vary,1,vary
variations,vary,1,vary
varied,vary,1,vary
varies,vary,1,vary
varying,vary,1,vary
achieve,achieve,2,achieve
achievable,achieve,2,achieve
achieved,achieve,2,achieve
achievement,achieve,2,achieve
achievements,achieve,2,achieve
achieves,achieve,2,achieve
achieving,achieve,2,achieve
acquire,acquire,2,acquire
acquired,acquire,2,acquire
acquires,acquire,2,acquire
acquiring,acquire,2,acquire
acquisition,acquire,2,acquire
acquisitions,acquire,2,acquire
administrate,administrate,2,administrate
administrates,administrate,2,administrate
administration,administrate,2,administrate
administrations,administrate,2,administrate
administrative,administrate,2,administrate
administratively,administrate,2,administrate
administrator,administrate,2,administrate
administrators,administrate,2,administrate
affect,affect,2,affect
affected,affect,2,affect
affecting,affect,2,affect
affective,affect,2,affect
affectively,affect,2,affect
affects,affect,2,affect
unaffected,affect,2,affect
appropriate,appropriate,2,appropriate
appropriacy,appropriate,2,appropriate
appropriately,appropriate,2,appropriate
appropriateness,appropriate,2,appropriate
inappropriacy,appropriate,2,appropriate
inappropriate,appropriate,2,appropriate
inappropriately,appropriate,2,appropriate
aspect,aspect,2,aspect
aspects,aspect,2,aspect
assist,assist,2,assist
assistance,assist,2,assist
assistant,assist,2,assist
assistants,assist,2,assist
assisted,assist,2,assist
assisting,assist,2,assist
assists,assist,2,assist
unassisted,assist,2,assist
category,category,2,category
categories,category,2,category
categorisation,category,2,category
categorise,category,2,category
categorised,category,2,category
categorises,category,2,category
categorising,category,2,category
categorization,category,2,category
categorized,category,2,category
categorizes,category,2,category
categorizing,category,2,category
chapter,chapter,2,chapter
chapters,chapter,2,chapter
commission,commission,2,commission
commissioned,commission,2,commission
commissioner,commission,2,commission
commissioners,commission,2,commission
commissioning,commission,2,commission
commissions,commission,2,commission
community,community,2,community
communities,community,2,community
complex,complex,2,complex
complexities,complex,2,complex
complexity,complex,2,complex
compute,compute,2,compute
computable,compute,2,compute
computation,compute,2,compute
computational,compute,2,compute
computations,compute,2,compute
computed,compute,2,compute
computer,compute,2,compute
computerised,compute,2,compute
computers,compute,2,compute
computing,compute,2,compute
conclude,conclude,2,conclude
concluded,conclude,2,conclude
concludes,conclude,2,conclude
concluding,conclude,2,conclude
conclusion,conclude,2,conclude
conclusions,conclude,2,conclude
conclusive,conclude,2,conclude
conclusively,conclude,2,conclude
inconclusive,conclude,2,conclude
inconclusively,conclude,2,conclude
conduct,conduct,2,conduct
conducted,conduct,2,conduct
conducting,conduct,2,conduct
conducts,conduct,2,conduct
consequent,consequent,2,consequent
consequence,consequent,2,consequent
consequences,consequent,2,consequent
consequently,consequent,2,consequent
construct,construct,2,construct
constructed,construct,2,construct
constructing,construct,2,construct
construction,construct,2,construct
constructions,construct,2,construct
constructive,construct,2,construct
constructs,construct,2,construct
reconstruct,construct,2,construct
reconstructed,construct,2,construct
reconstructing,construct,2,construct
reconstruction,construct,2,construct
reconstructs,construct,2,construct
consume,consume,2,consume
consumed,consume,2,consume
consumer,consume,2,consume
consumers,consume,2,consume
consumes,consume,2,consume
consuming,consume,2,consume
consumption,consume,2,consume
credit,credit,2,credit
credited,credit,2,credit
crediting,credit,2,credit
creditor,credit,2,credit
creditors,credit,2,credit
credits,credit,2,credit
culture,culture,2,culture
cultural,culture,2,culture
culturally,culture,2,culture
cultured,culture,2,culture
cultures,culture,2,culture
uncultured,culture,2,culture
design,design,2,design
designed,design,2,design
designer,design,2,design
designers,design,2,design
designing,design,2,design
designs,design,2,design
distinct,distinct,2,distinct
distinction,distinct,2,distinct
distinctions,distinct,2,distinct
distinctive,distinct,2,distinct
distinctively,distinct,2,distinct
distinctly,distinct,2,distinct
indistinct,distinct,2,distinct
indistinctly,distinct,2,distinct
element,element,2,element
elements,element,2,element
equate,equate,2,equate
equated,equate,2,equate
equates,equate,2,equate
equating,equate,2,equate
equation,equate,2,equate
equations,equate,2,equate
evaluate,evaluate,2,evaluate
evaluated,evaluate,2,evaluate
evaluates,evaluate,2,evaluate
evaluating,evaluate,2,evaluate
evaluation,evaluate,2,evaluate
evaluations,evaluate,2,evaluate
evaluative,evaluate,2,evaluate
re-evaluate,evaluate,2,evaluate
re-evaluated,evaluate,2,evaluate
re-evaluates,evaluate,2,evaluate
re-evaluating,evaluate,2,evaluate
re-evaluation,evaluate,2,evaluate
feature,feature,2,feature
featured,feature,2,feature
features,feature,2,feature
featuring,feature,2,feature
final,final,2,final
finalise,final,2,final
finalised,final,2,final
finalises,final,2,final
finalising,final,2,final
finality,final,2,final
finalize,final,2,final
finalized,final,2,final
finalizes,final,2,final
finalizing,final,2,final
finally,final,2,final
finals,final,2,final
focus,focus,2,focus
focused,focus,2,focus
focuses,focus,2,focus
focusing,focus,2,focus
focussed,focus,2,focus
focussing,focus,2,focus
refocus,focus,2,focus
refocused,focus,2,focus
refocuses,focus,2,focus
refocusing,focus,2,focus
refocussed,focus,2,focus
refocusses,focus,2,focus
refocussing,focus,2,focus
impact,impact,2,impact
impacted,impact,2,impact
impacting,impact,2,impact
impacts,impact,2,impact
injure,injure,2,injure
injured,injure,2,injure
injures,injure,2,injure
injuries,injure,2,injure
injuring,injure,2,injure
injury,injure,2,injure
uninjured,injure,2,injure
institute,institute,2,institute
instituted,institute,2,institute
institutes,institute,2,institute
instituting,institute,2,institute
institution,institute,2,institute
institutional,institute,2,institute
institutionalise,institute,2,institute
institutionalised,institute,2,institute
institutionalises,institute,2,institute
institutionalising,institute,2,institute
institutionalized,institute,2,institute
institutionalizes,institute,2,institute
institutionalizing,institute,2,institute
institutionally,institute,2,institute
institutions,institute,2,institute
invest,invest,2,invest
invested,invest,2,invest
investing,invest,2,invest
investment,invest,2,invest
investments,invest,2,invest
investor,invest,2,invest
investors,invest,2,invest
invests,invest,2,invest
reinvest,invest,2,invest
reinvested,invest,2,invest
reinvesting,invest,2,invest
reinvestment,invest,2,invest
reinvests,invest,2,invest
item,item,2,item
itemisation,item,2,item
itemise,item,2,item
itemised,item,2,item
itemises,item,2,item
itemising,item,2,item
items,item,2,item
journal,journal,2,journal
journals,journal,2,journal
maintain,maintain,2,maintain
maintained,maintain,2,maintain
maintaining,maintain,2,maintain
maintains,maintain,2,maintain
maintenance,maintain,2,maintain
normal,normal,2,normal
abnormal,normal,2,normal
abnormally,normal,2,normal
normalisation,normal,2,normal
normalise,normal,2,normal
normalised,normal,2,normal
normalises,normal,2,normal
normalising,normal,2,normal
normality,normal,2,normal
normalization,normal,2,normal
normalize,normal,2,normal
normalized,normal,2,normal
normalizes,normal,2,normal
normalizing,normal,2,normal
normally,normal,2,normal
obtain,obtain,2,obtain
obtainable,obtain,2,obtain
obtained,obtain,2,obtain
obtaining,obtain,2,obtain
obtains,obtain,2,obtain
unobtainable,obtain,2,obtain
participate,participate,2,participate
participant,participate,2,participate
participants,participate,2,participate
participated,participate,2,participate
participates,participate,2,participate
participating,participate,2,participate
participation,participate,2,participate
participatory,participate,2,participate
perceive,perceive,2,perceive
perceived,perceive,2,perceive
perceives,perceive,2,perceive
perceiving,perceive,2,perceive
perception,perceive,2,perceive
perceptions,perceive,2,perceive
positive,positive,2,positive
positively,positive,2,positive
potential,potential,2,potential
potentially,potential,2,potential
previous,previous,2,previous
previously,previous,2,previous
primary,primary,2,primary
primarily,primary,2,primary
purchase,purchase,2,purchase
purchased,purchase,2,purchase
purchaser,purchase,2,purchase
purchasers,purchase,2,purchase
purchases,purchase,2,purchase
purchasing,purchase,2,purchase
range,range,2,range
ranged,range,2,range
ranges,range,2,range
ranging,range,2,range
region,region,2,region
regional,region,2,region
regionally,region,2,region
regions,region,2,region
regulate,regulate,2,regulate
deregulated,regulate,2,regulate
deregulates,regulate,2,regulate
deregulating,regulate,2,regulate
deregulation,regulate,2,regulate
regulated,regulate,2,regulate
regulates,regulate,2,regulate
regulating,regulate,2,regulate
regulation,regulate,2,regulate
regulations,regulate,2,regulate
regulator,regulate,2,regulate
regulators,regulate,2,regulate
regulatory,regulate,2,regulate
unregulated,regulate,2,regulate
relevant,relevant,2,relevant
irrelevance,relevant,2,relevant
irrelevant,relevant,2,relevant
relevance,relevant,2,relevant
reside,reside,2,reside
resided,reside,2,reside
residence,reside,2,reside
resident,reside,2,reside
residential,reside,2,reside
residents,reside,2,reside
resides,reside,2,reside
residing,reside,2,reside
resource,resource,2,resource
resourced,resource,2,resource
resourceful,resource,2,resource
resources,resource,2,resource
resourcing,resource,2,resource
under-resourced,resource,2,resource
unresourceful,resource,2,resource
restrict,restrict,2,restrict
restricted,restrict,2,restrict
restricting,restrict,2,restrict
restriction,restrict,2,restrict
restrictions,restrict,2,restrict
restrictive,restrict,2,restrict
restrictively,restrict,2,restrict
restricts,restrict,2,restrict
unrestricted,restrict,2,restrict
unrestrictive,restrict,2,restrict
secure,secure,2,secure
insecure,secure,2,secure
insecurities,secure,2,secure
insecurity,secure,2,secure
secured,secure,2,secure
securely,secure,2,secure
secures,secure,2,secure
securing,secure,2,secure
securities,secure,2,secure
security,secure,2,secure
seek,seek,2,seek
seeking,seek,2,seek
seeks,seek,2,seek
sought,seek,2,seek
select,select,2,select
selected,select,2,select
selecting,select,2,select
selection,select,2,select
selections,select,2,select
selective,select,2,select
selectively,select,2,select
selector,select,2,select
selectors,select,2,select
selects,select,2,select
site,site,2,site
sites,site,2,site
strategy,strategy,2,strategy
strategic,strategy,2,strategy
strategically,strategy,2,strategy
strategies,strategy,2,strategy
strategist,strategy,2,strategy
strategists,strategy,2,strategy
survey,survey,2,survey
surveyed,survey,2,survey
surveying,survey,2,survey
surveys,survey,2,survey
text,text,2,text
texts,text,2,text
textual,text,2,text
tradition,tradition,2,tradition
non-traditional,tradition,2,tradition
traditional,tradition,2,tradition
traditionalist,tradition,2,tradition
traditionally,tradition,2,tradition
traditions,tradition,2,tradition
transfer,transfer,2,transfer
transferable,transfer,2,transfer
transference,transfer,2,transfer
transferred,transfer,2,transfer
transferring,transfer,2,transfer
transfers,transfer,2,transfer
alternative,alternative,3,alternative
alternatively,alternative,3,alternative
alternatives,alternative,3,alternative
circumstance,circumstance,3,circumstance
circumstances,circumstance,3,circumstance
comment,comment,3,comment
commentaries,comment,3,comment
commentary,comment,3,comment
commentator,comment,3,comment
commentators,comment,3,comment
commented,comment,3,comment
commenting,comment,3,comment
comments,comment,3,comment
compensate,compensate,3,compensate
compensated,compensate,3,compensate
compensates,compensate,3,compensate
compensating,compensate,3,compensate
compensation,compensate,3,compensate
compensations,compensate,3,compensate
compensatory,compensate,3,compensate
component,component,3,component
componentry,component,3,component
components,component,3,component
consent,consent,3,consent
consensus,consent,3,consent
consented,consent,3,consent
consenting,consent,3,consent
consents,consent,3,consent
considerable,considerable,3,considerable
considerably,considerable,3,considerable
constant,constant,3,constant
constancy,constant,3,constant
constantly,constant,3,constant
constants,constant,3,constant
inconstancy,constant,3,constant
inconstantly,constant,3,constant
constrain,constrain,3,constrain
constrained,constrain,3,constrain
constraining,constrain,3,constrain
constrains,constrain,3,constrain
constraint,constrain,3,constrain
constraints,constrain,3,constrain
unconstrained,constrain,3,constrain
contribute,contribute,3,contribute
contributed,contribute,3,contribute
contributes,contribute,3,contribute
contributing,contribute,3,contribute
contribution,contribute,3,contribute
contributions,contribute,3,contribute
contributor,contribute,3,contribute
contributors,contribute,3,contribute
convene,convene,3,convene
convened,convene,3,convene
convenes,convene,3,convene
convening,convene,3,convene
convention,convene,3,convene
conventional,convene,3,convene
conventionally,convene,3,convene
conventions,convene,3,convene
unconventional,convene,3,convene
coordinate,coordinate,3,coordinate
co-ordinate,coordinate,3,coordinate
co-ordinated,coordinate,3,coordinate
co-ordinates,coordinate,3,coordinate
co-ordinating,coordinate,3,coordinate
co-ordination,coordinate,3,coordinate
co-ordinator,coordinate,3,coordinate
co-ordinators,coordinate,3,coordinate
coordinated,coordinate,3,coordinate
coordinates,coordinate,3,coordinate
coordinating,coordinate,3,coordinate
coordination,coordinate,3,coordinate
coordinator,coordinate,3,coordinate
coordinators,coordinate,3,coordinate
core,core,3,core
cored,core,3,core
cores,core,3,core
coring,core,3,core
corporate,corporate,3,corporate
corporates,corporate,3,corporate
corporation,corporate,3,corporate
corporations,corporate,3,corporate
correspond,correspond,3,correspond
corresponded,correspond,3,correspond
correspondence,correspond,3,correspond
corresponding,correspond,3,correspond
correspondingly,correspond,3,correspond
corresponds,correspond,3,correspond
criteria,criteria,3,criteria
criterion,criteria,3,criteria
deduce,deduce,3,deduce
deduced,deduce,3,deduce
deduces,deduce,3,deduce
deducing,deduce,3,deduce
deduction,deduce,3,deduce
deductions,deduce,3,deduce
demonstrate,demonstrate,3,demonstrate
demonstrable,demonstrate,3,demonstrate
demonstrably,demonstrate,3,demonstrate
demonstrated,demonstrate,3,demonstrate
demonstrates,demonstrate,3,demonstrate
demonstrating,demonstrate,3,demonstrate
demonstration,demonstrate,3,demonstrate
demonstrations,demonstrate,3,demonstrate
demonstrative,demonstrate,3,demonstrate
demonstratively,demonstrate,3,demonstrate
demonstrator,demonstrate,3,demonstrate
demonstrators,demonstrate,3,demonstrate
document,document,3,document
documentation,document,3,document
documented,document,3,document
documenting,document,3,document
documents,document,3,document
dominate,dominate,3,dominate
dominance,dominate,3,dominate
dominant,dominate,3,dominate
dominated,dominate,3,dominate
dominates,dominate,3,dominate
dominating,dominate,3,dominate
domination,dominate,3,dominate
emphasis,emphasis,3,emphasis
emphasise,emphasis,3,emphasis
emphasised,emphasis,3,emphasis
emphasising,emphasis,3,emphasis
emphasize,emphasis,3,emphasis
emphasized,emphasis,3,emphasis
emphasizes,emphasis,3,emphasis
emphasizing,emphasis,3,emphasis
emphatic,emphasis,3,emphasis
emphatically,emphasis,3,emphasis
ensure,ensure,3,ensure
ensured,ensure,3,ensure
ensures,ensure,3,ensure
ensuring,ensure,3,ensure
exclude,exclude,3,exclude
excluded,exclude,3,exclude
excludes,exclude,3,exclude
excluding,exclude,3,exclude
exclusion,exclude,3,exclude
exclusionary,exclude,3,exclude
exclusionist,exclude,3,exclude
exclusions,exclude,3,exclude
exclusive,exclude,3,exclude
exclusively,exclude,3,exclude
framework,framework,3,framework
frameworks,framework,3,framework
fund,fund,3,fund
funded,fund,3,fund
funder,fund,3,fund
funders,fund,3,fund
funding,fund,3,fund
funds,fund,3,fund
illustrate,illustrate,3,illustrate
illustrated,illustrate,3,illustrate
illustrates,illustrate,3,illustrate
illustrating,illustrate,3,illustrate
illustration,illustrate,3,illustrate
illustrations,illustrate,3,illustrate
illustrative,illustrate,3,illustrate
immigrate,immigrate,3,immigrate
immigrant,immigrate,3,immigrate
immigrants,immigrate,3,immigrate
immigrated,immigrate,3,immigrate
immigrates,immigrate,3,immigrate
immigrating,immigrate,3,immigrate
immigration,immigrate,3,immigrate
imply,imply,3,imply
implied,imply,3,imply
implies,imply,3,imply
implying,imply,3,imply
initial,initial,3,initial
initially,initial,3,initial
instance,instance,3,instance
instances,instance,3,instance
interact,interact,3,interact
interacted,interact,3,interact
interacting,interact,3,interact
interaction,interact,3,interact
interactions,interact,3,interact
interactive,interact,3,interact
interactively,interact,3,interact
interacts,interact,3,interact
justify,justify,3,justify
justifiable,justify,3,justify
justifiably,justify,3,justify
justification,justify,3,justify
justifications,justify,3,justify
justified,justify,3,justify
justifies,justify,3,justify
justifying,justify,3,justify
unjustified,justify,3,justify
layer,layer,3,layer
layered,layer,3,layer
layering,layer,3,layer
layers,layer,3,layer
link,link,3,link
linkage,link,3,link
linkages,link,3,link
linked,link,3,link
linking,link,3,link
links,link,3,link
locate,locate,3,locate
located,locate,3,locate
locating,locate,3,locate
location,locate,3,locate
locations,locate,3,locate
relocate,locate,3,locate
relocated,locate,3,locate
relocates,locate,3,locate
relocating,locate,3,locate
relocation,locate,3,locate
maximise,maximise,3,maximise
max,maximise,3,maximise
maximisation,maximise,3,maximise
maximised,maximise,3,maximise
maximises,maximise,3,maximise
maximising,maximise,3,maximise
maximization,maximise,3,maximise
maximize,maximise,3,maximise
maximized,maximise,3,maximise
maximizes,maximise,3,maximise
maximizing,maximise,3,maximise
maximum,maximise,3,maximise
minor,minor,3,minor
minorities,minor,3,minor
minority,minor,3,minor
minors,minor,3,minor
negate,negate,3,negate
negated,negate,3,negate
negates,negate,3,negate
negating,negate,3,negate
negative,negate,3,negate
negatively,negate,3,negate
negatives,negate,3,negate
outcome,outcome,3,outcome
outcomes,outcome,3,outcome
partner,partner,3,partner
partners,partner,3,partner
partnership,partner,3,partner
partnerships,partner,3,partner
philosophy,philosophy,3,philosophy
philosopher,philosophy,3,philosophy
philosophers,philosophy,3,philosophy
philosophical,philosophy,3,philosophy
philosophically,philosophy,3,philosophy
philosophies,philosophy,3,philosophy
philosophise,philosophy,3,philosophy
philosophised,philosophy,3,philosophy
philosophises,philosophy,3,philosophy
philosophising,philosophy,3,philosophy
philosophize,philosophy,3,philosophy
philosophized,philosophy,3,philosophy
philosophizes,philosophy,3,philosophy
philosophizing,philosophy,3,philosophy
physical,physical,3,physical
physically,physical,3,physical
proportion,proportion,3,proportion
disproportion,proportion,3,proportion
disproportionate,proportion,3,proportion
disproportionately,proportion,3,proportion
proportional,proportion,3,proportion
proportionally,proportion,3,proportion
proportionate,proportion,3,proportion
proportionately,proportion,3,proportion
proportions,proportion,3,proportion
publish,publish,3,publish
published,publish,3,publish
publisher,publish,3,publish
publishers,publish,3,publish
publishes,publish,3,publish
publishing,publish,3,publish
unpublished,publish,3,publish
react,react,3,react
reacted,react,3,react
reacting,react,3,react
reaction,react,3,react
reactionaries,react,3,react
reactionary,react,3,react
reactions,react,3,react
reactivate,react,3,react
reactivation,react,3,react
reactive,react,3,react
reactor,react,3,react
reactors,react,3,react
reacts,react,3,react
register,register,3,register
deregister,register,3,register
deregistered,register,3,register
deregistering,register,3,register
deregisters,register,3,register
deregistration,register,3,register
registered,register,3,register
registering,register,3,register
registers,register,3,register
registration,register,3,register
rely,rely,3,rely
reliability,rely,3,rely
reliable,rely,3,rely
reliably,rely,3,rely
reliance,rely,3,rely
reliant,rely,3,rely
relied,rely,3,rely
relies,rely,3,rely
relying,rely,3,rely
unreliable,rely,3,rely
remove,remove,3,remove
removable,remove,3,remove
removal,remove,3,remove
removals,remove,3,remove
removed,remove,3,remove
removes,remove,3,remove
removing,remove,3,remove
scheme,scheme,3,scheme
schematic,scheme,3,scheme
schematically,scheme,3,scheme
schemed,scheme,3,scheme
schemes,scheme,3,scheme
scheming,scheme,3,scheme
sequence,sequence,3,sequence
sequenced,sequence,3,sequence
sequences,sequence,3,sequence
sequencing,sequence,3,sequence
sequential,sequence,3,sequence
sequentially,sequence,3,sequence
sex,sex,3,sex
sexes,sex,3,sex
sexism,sex,3,sex
sexual,sex,3,sex
sexuality,sex,3,sex
sexually,sex,3,sex
shift,shift,3,shift
shifted,shift,3,shift
shifting,shift,3,shift
shifts,shift,3,shift
specify,specify,3,specify
specifiable,specify,3,specify
specified,specify,3,specify
specifies,specify,3,specify
specifying,specify,3,specify
unspecified,specify,3,specify
sufficient,sufficient,3,sufficient
insufficient,sufficient,3,sufficient
insufficiently,sufficient,3,sufficient
sufficiency,sufficient,3,sufficient
sufficiently,sufficient,3,sufficient
task,task,3,task
tasks,task,3,task
technical,technical,3,technical
technically,technical,3,technical
technique,technique,3,technique
techniques,technique,3,technique
technology,technology,3,technology
technological,technology,3,technology
technologically,technology,3,technology
valid,valid,3,valid
invalidate,valid,3,valid
invalidity,valid,3,valid
validate,valid,3,valid
validated,valid,3,valid
validating,valid,3,valid
validation,valid,3,valid
validity,valid,3,valid
validly,valid,3,valid
volume,volume,3,volume
volumes,volume,3,volume
access,access,4,access
accessed,access,4,access
accesses,access,4,access
accessibility,access,4,access
accessible,access,4,access
accessing,access,4,access
inaccessible,access,4,access
adequate,adequate,4,adequate
adequacy,adequate,4,adequate
adequately,adequate,4,adequate
inadequacies,adequate,4,adequate
inadequacy,adequate,4,adequate
inadequate,adequate,4,adequate
inadequately,adequate,4,adequate
annual,annual,4,annual
annually,annual,4,annual
apparent,apparent,4,apparent
apparently,apparent,4,apparent
approximate,approximate,4,approximate
approximated,approximate,4,approximate
approximately,approximate,4,approximate
approximates,approximate,4,approximate
approximating,approximate,4,approximate
approximation,approximate,4,approximate
approximations,approximate,4,approximate
attitude,attitude,4,attitude
attitudes,attitude,4,attitude
attribute,attribute,4,attribute
attributable,attribute,4,attribute
attributed,attribute,4,attribute
attributes,attribute,4,attribute
attributing,attribute,4,attribute
attribution,attribute,4,attribute
civil,civil,4,civil
code,code,4,code
coded,code,4,code
codes,code,4,code
coding,code,4,code
commit,commit,4,commit
commitment,commit,4,commit
commitments,commit,4,commit
commits,commit,4,commit
committed,commit,4,commit
committing,commit,4,commit
communicate,communicate,4,communicate
communicable,communicate,4,communicate
communicated,communicate,4,communicate
communicates,communicate,4,communicate
communicating,communicate,4,communicate
communication,communicate,4,communicate
communications,communicate,4,communicate
communicative,communicate,4,communicate
communicatively,communicate,4,communicate
uncommunicative,communicate,4,communicate
concentrate,concentrate,4,concentrate
concentrated,concentrate,4,concentrate
concentrates,concentrate,4,concentrate
concentrating,concentrate,4,concentrate
concentration,concentrate,4,concentrate
confer,confer,4,confer
conference,confer,4,confer
conferences,confer,4,confer
conferred,confer,4,confer
conferring,confer,4,confer
confers,confer,4,confer
contrast,contrast,4,contrast
contrasted,contrast,4,contrast
contrasting,contrast,4,contrast
contrastive,contrast,4,contrast
contrasts,contrast,4,contrast
cycle,cycle,4,cycle
cycled,cycle,4,cycle
cycles,cycle,4,cycle
cyclic,cycle,4,cycle
cyclical,cycle,4,cycle
cycling,cycle,4,cycle
debate,debate,4,debate
debatable,debate,4,debate
debated,debate,4,debate
debates,debate,4,debate
debating,debate,4,debate
despite,despite,4,despite
dimension,dimension,4,dimension
dimensional,dimension,4,dimension
dimensions,dimension,4,dimension
multidimensional,dimension,4,dimension
domestic,domestic,4,domestic
domestically,domestic,4,domestic
domesticate,domestic,4,domestic
domesticated,domestic,4,domestic
domesticating,domestic,4,domestic
domestics,domestic,4,domestic
emerge,emerge,4,emerge
emerged,emerge,4,emerge
emergence,emerge,4,emerge
emergent,emerge,4,emerge
emerges,emerge,4,emerge
emerging,emerge,4,emerge
error,error,4,error
erroneous,error,4,error
erroneously,error,4,error
errors,error,4,error
ethnic,ethnic,4,ethnic
ethnicity,ethnic,4,ethnic
goal,goal,4,goal
goals,goal,4,goal
grant,grant,4,grant
granted,grant,4,grant
granting,grant,4,grant
grants,grant,4,grant
hence,hence,4,hence
hypothesis,hypothesis,4,hypothesis
hypotheses,hypothesis,4,hypothesis
hypothesise,hypothesis,4,hypothesis
hypothesised,hypothesis,4,hypothesis
hypothesises,hypothesis,4,hypothesis
hypothesising,hypothesis,4,hypothesis
hypothesize,hypothesis,4,hypothesis
hypothesized,hypothesis,4,hypothesis
hypothesizes,hypothesis,4,hypothesis
hypothesizing,hypothesis,4,hypothesis
hypothetical,hypothesis,4,hypothesis
hypothetically,hypothesis,4,hypothesis
implement,implement,4,implement
implementation,implement,4,implement
implemented,implement,4,implement
implementing,implement,4,implement
implements,implement,4,implement
implicate,implicate,4,implicate
implicated,implicate,4,implicate
implicates,implicate,4,implicate
implicating,implicate,4,implicate
implication,implicate,4,implicate
implications,implicate,4,implicate
impose,impose,4,impose
imposed,impose,4,impose
imposes,impose,4,impose
imposing,impose,4,impose
imposition,impose,4,impose
integrate,integrate,4,integrate
integrated,integrate,4,integrate
integrates,integrate,4,integrate
integrating,integrate,4,integrate
integration,integrate,4,integrate
internal,internal,4,internal
internalise,internal,4,internal
internalised,internal,4,internal
internalises,internal,4,internal
internalising,internal,4,internal
internalize,internal,4,internal
internalized,internal,4,internal
internalizes,internal,4,internal
internalizing,internal,4,internal
internally,internal,4,internal
investigate,investigate,4,investigate
investigated,investigate,4,investigate
investigates,investigate,4,investigate
investigating,investigate,4,investigate
investigation,investigate,4,investigate
investigations,investigate,4,investigate
investigative,investigate,4,investigate
investigator,investigate,4,investigate
investigators,investigate,4,investigate
job,job,4,job
jobs,job,4,job
label,label,4,label
labeled,label,4,label
labeling,label,4,label
labelled,label,4,label
labelling,label,4,label
labels,label,4,label
mechanism,mechanism,4,mechanism
mechanisms,mechanism,4,mechanism
obvious,obvious,4,obvious
obviously,obvious,4,obvious
occupy,occupy,4,occupy
occupancy,occupy,4,occupy
occupant,occupy,4,occupy
occupants,occupy,4,occupy
occupation,occupy,4,occupy
occupational,occupy,4,occupy
occupations,occupy,4,occupy
occupied,occupy,4,occupy
occupier,occupy,4,occupy
occupiers,occupy,4,occupy
occupies,occupy,4,occupy
occupying,occupy,4,occupy
option,option,4,option
optional,option,4,option
options,option,4,option
output,output,4,output
outputs,output,4,output
overall,overall,4,overall
parallel,parallel,4,parallel
paralleled,parallel,4,parallel
parallelled,parallel,4,parallel
parallelling,parallel,4,parallel
parallels,parallel,4,parallel
unparalleled,parallel,4,parallel
parameter,parameter,4,parameter
parameters,parameter,4,parameter
phase,phase,4,phase
phased,phase,4,phase
phases,phase,4,phase
phasing,phase,4,phase
predict,predict,4,predict
predictability,predict,4,predict
predictable,predict,4,predict
predictably,predict,4,predict
predicted,predict,4,predict
predicting,predict,4,predict
prediction,predict,4,predict
predictions,predict,4,predict
predicts,predict,4,predict
unpredictability,predict,4,predict
unpredictable,predict,4,predict
principal,principal,4,principal
principally,principal,4,principal
prior,prior,4,prior
professional,professional,4,professional
professionalism,professional,4,professional
professionally,professional,4,professional
professionals,professional,4,professional
project,project,4,project
projected,project,4,project
projecting,project,4,project
projection,project,4,project
projections,project,4,project
projects,project,4,project
promote,promote,4,promote
promoted,promote,4,promote
promoter,promote,4,promote
promoters,promote,4,promote
promotes,promote,4,promote
promoting,promote,4,promote
promotion,promote,4,promote
promotions,promote,4,promote
regime,regime,4,regime
regimes,regime,4,regime
resolve,resolve,4,resolve
resolution,resolve,4,resolve
resolved,resolve,4,resolve
resolves,resolve,4,resolve
resolving,resolve,4,resolve
unresolved,resolve,4,resolve
retain,retain,4,retain
retained,retain,4,retain
retainer,retain,4,retain
retainers,retain,4,retain
retaining,retain,4,retain
retains,retain,4,retain
retention,retain,4,retain
retentive,retain,4,retain
series,series,4,series
statistic,statistic,4,statistic
statistical,statistic,4,statistic
statistically,statistic,4,statistic
statistician,statistic,4,statistic
statisticians,statistic,4,statistic
statistics,statistic,4,statistic
status,status,4,status
stress,stress,4,stress
stressed,stress,4,stress
stresses,stress,4,stress
stressful,stress,4,stress
stressing,stress,4,stress
unstressed,stress,4,stress
subsequent,subsequent,4,subsequent
subsequently,subsequent,4,subsequent
sum,sum,4,sum
summation,sum,4,sum
summed,sum,4,sum
summing,sum,4,sum
sums,sum,4,sum
summary,summary,4,summary
summaries,summary,4,summary
summarisation,summary,4,summary
summarisations,summary,4,summary
summarise,summary,4,summary
summarised,summary,4,summary
summarises,summary,4,summary
summarising,summary,4,summary
summarization,summary,4,summary
summarizations,summary,4,summary
summarize,summary,4,summary
summarized,summary,4,summary
summarizes,summary,4,summary
summarizing,summary,4,summary
undertake,undertake,4,undertake
undertaken,undertake,4,undertake
undertakes,undertake,4,undertake
undertaking,undertake,4,undertake
undertook,undertake,4,undertake
academy,academy,5,academy
academia,academy,5,academy
academic,academy,5,academy
academically,academy,5,academy
academics,academy,5,academy
academies,academy,5,academy
adjust,adjust,5,adjust
adjusted,adjust,5,adjust
adjusting,adjust,5,adjust
adjustment,adjust,5,adjust
adjustments,adjust,5,adjust
adjusts,adjust,5,adjust
readjust,adjust,5,adjust
readjusted,adjust,5,adjust
readjusting,adjust,5,adjust
readjustment,adjust,5,adjust
readjustments,adjust,5,adjust
readjusts,adjust,5,adjust
alter,alter,5,alter
alterable,alter,5,alter
alteration,alter,5,alter
alterations,alter,5,alter
altered,alter,5,alter
altering,alter,5,alter
alternate,alter,5,alter
alternating,alter,5,alter
alters,alter,5,alter
unalterable,alter,5,alter
unaltered,alter,5,alter
amend,amend,5,amend
amended,amend,5,amend
amending,amend,5,amend
amendment,amend,5,amend
amendments,amend,5,amend
amends,amend,5,amend
aware,aware,5,aware
awareness,aware,5,aware
unaware,aware,5,aware
capacity,capacity,5,capacity
capacities,capacity,5,capacity
incapacitate,capacity,5,capacity
incapacitated,capacity,5,capacity
challenge,challenge,5,challenge
challenged,challenge,5,challenge
challenger,challenge,5,challenge
challengers,challenge,5,challenge
challenges,challenge,5,challenge
challenging,challenge,5,challenge
clause,clause,5,clause
clauses,clause,5,clause
compound,compound,5,compound
compounded,compound,5,compound
compounding,compound,5,compound
compounds,compound,5,compound
conflict,conflict,5,conflict
conflicted,conflict,5,conflict
conflicting,conflict,5,conflict
conflicts,conflict,5,conflict
consult,consult,5,consult
consultancy,consult,5,consult
consultant,consult,5,consult
consultants,consult,5,consult
consultation,consult,5,consult
consultations,consult,5,consult
consultative,consult,5,consult
consulted,consult,5,consult
consulting,consult,5,consult
consults,consult,5,consult
contact,contact,5,contact
contactable,contact,5,contact
contacted,contact,5,contact
contacting,contact,5,contact
contacts,contact,5,contact
decline,decline,5,decline
declined,decline,5,decline
declines,decline,5,decline
declining,decline,5,decline
discrete,discrete,5,discrete
discretely,discrete,5,discrete
discretion,discrete,5,discrete
discretionary,discrete,5,discrete
indiscrete,discrete,5,discrete
indiscretion,discrete,5,discrete
draft,draft,5,draft
drafted,draft,5,draft
drafting,draft,5,draft
drafts,draft,5,draft
redraft,draft,5,draft
redrafted,draft,5,draft
redrafting,draft,5,draft
redrafts,draft,5,draft
enable,enable,5,enable
enabled,enable,5,enable
enables,enable,5,enable
enabling,enable,5,enable
energy,energy,5,energy
energetic,energy,5,energy
energetically,energy,5,energy
energies,energy,5,energy
enforce,enforce,5,enforce
enforced,enforce,5,enforce
enforcement,enforce,5,enforce
enforces,enforce,5,enforce
enforcing,enforce,5,enforce
entity,entity,5,entity
entities,entity,5,entity
equivalent,equivalent,5,equivalent
equivalence,equivalent,5,equivalent
evolve,evolve,5,evolve
evolution,evolve,5,evolve
evolutionary,evolve,5,evolve
evolutionist,evolve,5,evolve
evolutionists,evolve,5,evolve
evolved,evolve,5,evolve
evolves,evolve,5,evolve
evolving,evolve,5,evolve
expand,expand,5,expand
expanded,expand,5,expand
expanding,expand,5,expand
expands,expand,5,expand
expansion,expand,5,expand
expansionism,expand,5,expand
expansive,expand,5,expand
expose,expose,5,expose
exposed,expose,5,expose
exposes,expose,5,expose
exposing,expose,5,expose
exposure,expose,5,expose
exposures,expose,5,expose
external,external,5,external
externalisation,external,5,external
externalise,external,5,external
externalised,external,5,external
externalises,external,5,external
externalising,external,5,external
externality,external,5,external
externalization,external,5,external
externalize,external,5,external
externalized,external,5,external
externalizes,external,5,external
externalizing,external,5,external
externally,external,5,external
facilitate,facilitate,5,facilitate
facilitated,facilitate,5,facilitate
facilitates,facilitate,5,facilitate
facilitating,facilitate,5,facilitate
facilitation,facilitate,5,facilitate
facilitator,facilitate,5,facilitate
facilitators,facilitate,5,facilitate
facilities,facilitate,5,facilitate
facility,facilitate,5,facilitate
fundamental,fundamental,5,fundamental
fundamentally,fundamental,5,fundamental
generate,generate,5,generate
generated,generate,5,generate
generates,generate,5,generate
generating,generate,5,generate
generation,generation,5,generation
generations,generation,5,generation
image,image,5,image
imagery,image,5,image
images,image,5,image
liberal,liberal,5,liberal
liberalisation,liberal,5,liberal
liberalise,liberal,5,liberal
liberalised,liberal,5,liberal
liberalises,liberal,5,liberal
liberalising,liberal,5,liberal
liberalism,liberal,5,liberal
liberalization,liberal,5,liberal
liberalize,liberal,5,liberal
liberalized,liberal,5,liberal
liberalizes,liberal,5,liberal
liberalizing,liberal,5,liberal
liberally,liberal,5,liberal
liberate,liberal,5,liberal
liberated,liberal,5,liberal
liberates,liberal,5,liberal
liberating,liberal,5,liberal
liberation,liberal,5,liberal
liberations,liberal,5,liberal
liberator,liberal,5,liberal
liberators,liberal,5,liberal
licence,licence,5,licence
licences,licence,5,licence
license,licence,5,licence
licensed,licence,5,licence
licenses,licence,5,licence
licensing,licence,5,licence
unlicensed,licence,5,licence
logic,logic,5,logic
illogical,logic,5,logic
illogically,logic,5,logic
logical,logic,5,logic
logically,logic,5,logic
logician,logic,5,logic
logicians,logic,5,logic
margin,margin,5,margin
marginal,margin,5,margin
marginally,margin,5,margin
margins,margin,5,margin
medical,medical,5,medical
medically,medical,5,medical
mental,mental,5,mental
mentality,mental,5,mental
mentally,mental,5,mental
modify,modify,5,modify
modification,modify,5,modify
modifications,modify,5,modify
modified,modify,5,modify
modifies,modify,5,modify
modifying,modify,5,modify
unmodified,modify,5,modify
monitor,monitor,5,monitor
monitored,monitor,5,monitor
monitoring,monitor,5,monitor
monitors,monitor,5,monitor
unmonitored,monitor,5,monitor
network,network,5,network
networked,network,5,network
networking,network,5,network
networks,network,5,network
notion,notion,5,notion
notions,notion,5,notion
objective,objective,5,objective
objectively,objective,5,objective
objectivity,objective,5,objective
orient,orient,5,orient
orientate,orient,5,orient
orientated,orient,5,orient
orientates,orient,5,orient
orientating,orient,5,orient
orientation,orient,5,orient
oriented,orient,5,orient
orienting,orient,5,orient
orients,orient,5,orient
reorient,orient,5,orient
reorientation,orient,5,orient
perspective,perspective,5,perspective
perspectives,perspective,5,perspective
precise,precise,5,precise
imprecise,precise,5,precise
precisely,precise,5,precise
precision,precise,5,precise
prime,prime,5,prime
primacy,prime,5,prime
psychology,psychology,5,psychology
psychological,psychology,5,psychology
psychologically,psychology,5,psychology
psychologist,psychology,5,psychology
psychologists,psychology,5,psychology
pursue,pursue,5,pursue
pursued,pursue,5,pursue
pursues,pursue,5,pursue
pursuing,pursue,5,pursue
pursuit,pursue,5,pursue
pursuits,pursue,5,pursue
ratio,ratio,5,ratio
ratios,ratio,5,ratio
reject,reject,5,reject
rejected,reject,5,reject
rejecting,reject,5,reject
rejection,reject,5,reject
rejections,reject,5,reject
rejects,reject,5,reject
revenue,revenue,5,revenue
revenues,revenue,5,revenue
stable,stable,5,stable
instability,stable,5,stable
stabilisation,stable,5,stable
stabilise,stable,5,stable
stabilised,stable,5,stable
stabilises,stable,5,stable
stabilising,stable,5,stable
stability,stable,5,stable
stabilization,stable,5,stable
stabilize,stable,5,stable
stabilized,stable,5,stable
stabilizes,stable,5,stable
stabilizing,stable,5,stable
unstable,stable,5,stable
style,style,5,style
styled,style,5,style
styles,style,5,style
styling,style,5,style
stylise,style,5,style
stylised,style,5,style
stylises,style,5,style
stylish,style,5,style
stylising,style,5,style
stylize,style,5,style
stylized,style,5,style
stylizes,style,5,style
stylizing,style,5,style
substitute,substitute,5,substitute
substituted,substitute,5,substitute
substitutes,substitute,5,substitute
substituting,substitute,5,substitute
substitution,substitute,5,substitute
sustain,sustain,5,sustain
sustainability,sustain,5,sustain
sustainable,sustain,5,sustain
sustained,sustain,5,sustain
sustaining,sustain,5,sustain
sustains,sustain,5,sustain
sustenance,sustain,5,sustain
unsustainable,sustain,5,sustain
symbol,symbol,5,symbol
symbolic,symbol,5,symbol
symbolically,symbol,5,symbol
symbolise,symbol,5,symbol
symbolised,symbol,5,symbol
symbolises,symbol,5,symbol
symbolising,symbol,5,symbol
symbolism,symbol,5,symbol
symbolize,symbol,5,symbol
symbolized,symbol,5,symbol
symbolizes,symbol,5,symbol
symbolizing,symbol,5,symbol
symbols,symbol,5,symbol
target,target,5,target
targeted,target,5,target
targeting,target,5,target
targets,target,5,target
transit,transit,5,transit
transited,transit,5,transit
transiting,transit,5,transit
transition,transit,5,transit
transitional,transit,5,transit
transitions,transit,5,transit
transitory,transit,5,transit
transits,transit,5,transit
trend,trend,5,trend
trends,trend,5,trend
version,version,5,version
versions,version,5,version
welfare,welfare,5,welfare
whereas,whereas,5,whereas
abstract,abstract,6,abstract
abstraction,abstract,6,abstract
abstractions,abstract,6,abstract
abstractly,abstract,6,abstract
abstracts,abstract,6,abstract
accurate,accurate,6,accurate
accuracy,accurate,6,accurate
accurately,accurate,6,accurate
inaccuracies,accurate,6,accurate
inaccuracy,accurate,6,accurate
inaccurate,accurate,6,accurate
acknowledge,acknowledge,6,acknowledge
acknowledged,acknowledge,6,acknowledge
acknowledgement,acknowledge,6,acknowledge
acknowledgements,acknowledge,6,acknowledge
acknowledges,acknowledge,6,acknowledge
acknowledging,acknowledge,6,acknowledge
aggregate,aggregate,6,aggregate
aggregated,aggregate,6,aggregate
aggregates,aggregate,6,aggregate
aggregating,aggregate,6,aggregate
aggregation,aggregate,6,aggregate
allocate,allocate,6,allocate
allocated,allocate,6,allocate
allocates,allocate,6,allocate
allocating,allocate,6,allocate
allocation,allocate,6,allocate
allocations,allocate,6,allocate
assign,assign,6,assign
assigned,assign,6,assign
assigning,assign,6,assign
assignment,assign,6,assign
assignments,assign,6,assign
assigns,assign,6,assign
reassign,assign,6,assign
reassigned,assign,6,assign
reassigning,assign,6,assign
reassigns,assign,6,assign
unassigned,assign,6,assign
attach,attach,6,attach
attached,attach,6,attach
attaches,attach,6,attach
attaching,attach,6,attach
attachment,attach,6,attach
attachments,attach,6,attach
unattached,attach,6,attach
author,author,6,author
authored,author,6,author
authoring,author,6,author
authors,author,6,author
authorship,author,6,author
bond,bond,6,bond
bonded,bond,6,bond
bonding,bond,6,bond
bonds,bond,6,bond
brief,brief,6,brief
brevity,brief,6,brief
briefed,brief,6,brief
briefing,brief,6,brief
briefly,brief,6,brief
briefs,brief,6,brief
capable,capable,6,capable
capabilities,capable,6,capable
capability,capable,6,capable
incapable,capable,6,capable
cite,cite,6,cite
citation,cite,6,cite
citations,cite,6,cite
cited,cite,6,cite
cites,cite,6,cite
citing,cite,6,cite
cooperate,cooperate,6,cooperate
co-operate,cooperate,6,cooperate
co-operated,cooperate,6,cooperate
co-operates,cooperate,6,cooperate
co-operation,cooperate,6,cooperate
co-operative,cooperate,6,cooperate
co-operatively,cooperate,6,cooperate
cooperated,cooperate,6,cooperate
cooperates,cooperate,6,cooperate
cooperating,cooperate,6,cooperate
cooperation,cooperate,6,cooperate
cooperative,cooperate,6,cooperate
cooperatively,cooperate,6,cooperate
discriminate,discriminate,6,discriminate
discriminated,discriminate,6,discriminate
discriminates,discriminate,6,discriminate
discriminating,discriminate,6,discriminate
discrimination,discriminate,6,discriminate
display,display,6,display
displayed,display,6,display
displaying,display,6,display
displays,display,6,display
diverse,diverse,6,diverse
diversely,diverse,6,diverse
diversification,diverse,6,diverse
diversified,diverse,6,diverse
diversifies,diverse,6,diverse
diversify,diverse,6,diverse
diversifying,diverse,6,diverse
diversity,diverse,6,diverse
domain,domain,6,domain
domains,domain,6,domain
edit,edit,6,edit
edited,edit,6,edit
editing,edit,6,edit
edition,edit,6,edit
editions,edit,6,edit
editor,edit,6,edit
editorial,edit,6,edit
editorials,edit,6,edit
editors,edit,6,edit
edits,edit,6,edit
enhance,enhance,6,enhance
enhanced,enhance,6,enhance
enhancement,enhance,6,enhance
enhances,enhance,6,enhance
enhancing,enhance,6,enhance
estate,estate,6,estate
estates,estate,6,estate
exceed,exceed,6,exceed
exceeded,exceed,6,exceed
exceeding,exceed,6,exceed
exceeds,exceed,6,exceed
expert,expert,6,expert
expertise,expert,6,expert
expertly,expert,6,expert
experts,expert,6,expert
explicit,explicit,6,explicit
explicitly,explicit,6,explicit
federal,federal,6,federal
federation,federal,6,federal
federations,federal,6,federal
fee,fee,6,fee
fees,fee,6,fee
flexible,flexible,6,flexible
flexibility,flexible,6,flexible
inflexibility,flexible,6,flexible
inflexible,flexible,6,flexible
furthermore,furthermore,6,furthermore
gender,gender,6,gender
genders,gender,6,gender
ignorant,ignorant,6,ignorant
ignorance,ignorant,6,ignorant
ignore,ignorant,6,ignorant
ignored,ignorant,6,ignorant
ignores,ignorant,6,ignorant
ignoring,ignorant,6,ignorant
incentive,incentive,6,incentive
incentives,incentive,6,incentive
incidence,incidence,6,incidence
incident,incidence,6,incidence
incidentally,incidence,6,incidence
incidents,incidence,6,incidence
incorporate,incorporate,6,incorporate
incorporated,incorporate,6,incorporate
incorporates,incorporate,6,incorporate
incorporating,incorporate,6,incorporate
incorporation,incorporate,6,incorporate
index,index,6,index
indexed,index,6,index
indexes,index,6,index
indexing,index,6,index
inhibit,inhibit,6,inhibit
inhibited,inhibit,6,inhibit
inhibiting,inhibit,6,inhibit
inhibition,inhibit,6,inhibit
inhibitions,inhibit,6,inhibit
inhibits,inhibit,6,inhibit
initiate,initiate,6,initiate
initiated,initiate,6,initiate
initiates,initiate,6,initiate
initiating,initiate,6,initiate
initiation,initiate,6,initiate
initiations,initiate,6,initiate
initiative,initiate,6,initiate
initiatives,initiate,6,initiate
initiator,initiate,6,initiate
initiators,initiate,6,initiate
input,input,6,input
inputs,input,6,input
instruct,instruct,6,instruct
instructed,instruct,6,instruct
instructing,instruct,6,instruct
instruction,instruct,6,instruct
instructions,instruct,6,instruct
instructive,instruct,6,instruct
instructor,instruct,6,instruct
instructors,instruct,6,instruct
instructs,instruct,6,instruct
intelligent,intelligent,6,intelligent
intelligence,intelligent,6,intelligent
intelligently,intelligent,6,intelligent
unintelligent,intelligent,6,intelligent
interval,interval,6,interval
intervals,interval,6,interval
lecture,lecture,6,lecture
lectured,lecture,6,lecture
lecturer,lecture,6,lecture
lecturers,lecture,6,lecture
lectures,lecture,6,lecture
lecturing,lecture,6,lecture
migrate,migrate,6,migrate
migrant,migrate,6,migrate
migrants,migrate,6,migrate
migrated,migrate,6,migrate
migrates,migrate,6,migrate
migrating,migrate,6,migrate
migration,migrate,6,migrate
migrations,migrate,6,migrate
migratory,migrate,6,migrate
minimum,minimum,6,minimum
ministry,ministry,6,ministry
ministered,ministry,6,ministry
ministerial,ministry,6,ministry
ministering,ministry,6,ministry
ministries,ministry,6,ministry
motive,motive,6,motive
motivate,motive,6,motive
motivated,motive,6,motive
motivates,motive,6,motive
motivating,motive,6,motive
motivation,motive,6,motive
motivations,motive,6,motive
motives,motive,6,motive
unmotivated,motive,6,motive
neutral,neutral,6,neutral
neutralisation,neutral,6,neutral
neutralise,neutral,6,neutral
neutralised,neutral,6,neutral
neutralises,neutral,6,neutral
neutralising,neutral,6,neutral
neutrality,neutral,6,neutral
neutralization,neutral,6,neutral
neutralize,neutral,6,neutral
neutralized,neutral,6,neutral
neutralizes,neutral,6,neutral
neutralizing,neutral,6,neutral
nevertheless,nevertheless,6,nevertheless
overseas,overseas,6,overseas
precede,precede,6,precede
preceded,precede,6,precede
precedence,precede,6,precede
precedent,precede,6,precede
precedes,precede,6,precede
preceding,precede,6,precede
unprecedented,precede,6,precede
presume,presume,6,presume
presumably,presume,6,presume
presumed,presume,6,presume
presumes,presume,6,presume
presuming,presume,6,presume
presumption,presume,6,presume
presumptions,presume,6,presume
presumptuous,presume,6,presume
rational,rational,6,rational
irrational,rational,6,rational
rationalisation,rational,6,rational
rationalisations,rational,6,rational
rationalise,rational,6,rational
rationalised,rational,6,rational
rationalises,rational,6,rational
rationalising,rational,6,rational
rationalism,rational,6,rational
rationality,rational,6,rational
rationalization,rational,6,rational
rationalizations,rational,6,rational
rationalize,rational,6,rational
rationalized,rational,6,rational
rationalizes,rational,6,rational
rationally,rational,6,rational
recover,recover,6,recover
recoverable,recover,6,recover
recovered,recover,6,recover
recovering,recover,6,recover
recovers,recover,6,recover
recovery,recover,6,recover
reveal,reveal,6,reveal
revealed,reveal,6,reveal
revealing,reveal,6,reveal
reveals,reveal,6,reveal
revelation,reveal,6,reveal
revelations,reveal,6,reveal
scope,scope,6,scope
subsidy,subsidy,6,subsidy
subsidiary,subsidy,6,subsidy
subsidies,subsidy,6,subsidy
subsidise,subsidy,6,subsidy
subsidised,subsidy,6,subsidy
subsidises,subsidy,6,subsidy
subsidising,subsidy,6,subsidy
subsidize,subsidy,6,subsidy
subsidized,subsidy,6,subsidy
subsidizes,subsidy,6,subsidy
subsidizing,subsidy,6,subsidy
tape,tape,6,tape
taped,tape,6,tape
tapes,tape,6,tape
taping,tape,6,tape
trace,trace,6,trace
traceable,trace,6,trace
traced,trace,6,trace
traces,trace,6,trace
tracing,trace,6,trace
transform,transform,6,transform
transformation,transform,6,transform
transformations,transform,6,transform
transformed,transform,6,transform
transforming,transform,6,transform
transforms,transform,6,transform
transport,transport,6,transport
transportation,transport,6,transport
transported,transport,6,transport
transporter,transport,6,transport
transporters,transport,6,transport
transporting,transport,6,transport
transports,transport,6,transport
underlie,underlie,6,underlie
underlay,underlie,6,underlie
underlies,underlie,6,underlie
underlying,underlie,6,underlie
utilise,utilise,6,utilise
utilisation,utilise,6,utilise
utilised,utilise,6,utilise
utiliser,utilise,6,utilise
utilisers,utilise,6,utilise
utilises,utilise,6,utilise
utilising,utilise,6,utilise
utilities,utilise,6,utilise
utility,utilise,6,utilise
utilization,utilise,6,utilise
utilize,utilise,6,utilise
utilized,utilise,6,utilise
utilizes,utilise,6,utilise
utilizing,utilise,6,utilise
adapt,adapt,7,adapt
adaptability,adapt,7,adapt
adaptable,adapt,7,adapt
adaptation,adapt,7,adapt
adaptations,adapt,7,adapt
adapted,adapt,7,adapt
adapting,adapt,7,adapt
adaptive,adapt,7,adapt
adapts,adapt,7,adapt
adult,adult,7,adult
adulthood,adult,7,adult
adults,adult,7,adult
advocate,advocate,7,advocate
advocacy,advocate,7,advocate
advocated,advocate,7,advocate
advocates,advocate,7,advocate
advocating,advocate,7,advocate
aid,aid,7,aid
aided,aid,7,aid
aiding,aid,7,aid
aids,aid,7,aid
unaided,aid,7,aid
channel,channel,7,channel
channelled,channel,7,channel
channelling,channel,7,channel
channels,channel,7,channel
chemical,chemical,7,chemical
chemically,chemical,7,chemical
chemicals,chemical,7,chemical
classic,classic,7,classic
classical,classic,7,classic
classics,classic,7,classic
comprehensive,comprehensive,7,comprehensive
comprehensively,comprehensive,7,comprehensive
comprise,comprise,7,comprise
comprised,comprise,7,comprise
comprises,comprise,7,comprise
comprising,comprise,7,comprise
confirm,confirm,7,confirm
confirmation,confirm,7,confirm
confirmed,confirm,7,confirm
confirming,confirm,7,confirm
confirms,confirm,7,confirm
contrary,contrary,7,contrary
contrarily,contrary,7,contrary
convert,convert,7,convert
conversion,convert,7,convert
conversions,convert,7,convert
converted,convert,7,convert
convertible,convert,7,convert
converting,convert,7,convert
converts,convert,7,convert
couple,couple,7,couple
coupled,couple,7,couple
couples,couple,7,couple
coupling,couple,7,couple
decade,decade,7,decade
decades,decade,7,decade
definite,definite,7,definite
definitely,definite,7,definite
definitive,definite,7,definite
indefinite,definite,7,definite
indefinitely,definite,7,definite
deny,deny,7,deny
deniable,deny,7,deny
denial,deny,7,deny
denials,deny,7,deny
denied,deny,7,deny
denies,deny,7,deny
denying,deny,7,deny
undeniable,deny,7,deny
differentiate,differentiate,7,differentiate
differentiated,differentiate,7,differentiate
differentiates,differentiate,7,differentiate
differentiating,differentiate,7,differentiate
differentiation,differentiate,7,differentiate
dispose,dispose,7,dispose
disposable,dispose,7,dispose
disposal,dispose,7,dispose
disposed,dispose,7,dispose
disposes,dispose,7,dispose
disposing,dispose,7,dispose
dynamic,dynamic,7,dynamic
dynamically,dynamic,7,dynamic
dynamics,dynamic,7,dynamic
eliminate,eliminate,7,eliminate
eliminated,eliminate,7,eliminate
eliminates,eliminate,7,eliminate
eliminating,eliminate,7,eliminate
elimination,eliminate,7,eliminate
empirical,empirical,7,empirical
empirically,empirical,7,empirical
empiricism,empirical,7,empirical
equip,equip,7,equip
equipment,equip,7,equip
equipped,equip,7,equip
equipping,equip,7,equip
equips,equip,7,equip
extract,extract,7,extract
extracted,extract,7,extract
extracting,extract,7,extract
extraction,extract,7,extract
extracts,extract,7,extract
file,file,7,file
filed,file,7,file
files,file,7,file
filing,file,7,file
finite,finite,7,finite
infinite,finite,7,finite
infinitely,finite,7,finite
foundation,foundation,7,foundation
foundations,foundation,7,foundation
globe,globe,7,globe
global,globe,7,globe
globalisation,globe,7,globe
globalization,globe,7,globe
globally,globe,7,globe
grade,grade,7,grade
graded,grade,7,grade
grades,grade,7,grade
grading,grade,7,grade
guarantee,guarantee,7,guarantee
guaranteed,guarantee,7,guarantee
guaranteeing,guarantee,7,guarantee
guarantees,guarantee,7,guarantee
hierarchy,hierarchy,7,hierarchy
hierarchical,hierarchy,7,hierarchy
hierarchies,hierarchy,7,hierarchy
identical,identical,7,identical
identically,identical,7,identical
ideology,ideology,7,ideology
ideological,ideology,7,ideology
ideologically,ideology,7,ideology
ideologies,ideology,7,ideology
infer,infer,7,infer
inference,infer,7,infer
inferences,infer,7,infer
inferred,infer,7,infer
inferring,infer,7,infer
infers,infer,7,infer
innovate,innovate,7,innovate
innovated,innovate,7,innovate
innovates,innovate,7,innovate
innovating,innovate,7,innovate
innovation,innovate,7,innovate
innovations,innovate,7,innovate
innovative,innovate,7,innovate
innovator,innovate,7,innovate
innovators,innovate,7,innovate
insert,insert,7,insert
inserted,insert,7,insert
inserting,insert,7,insert
insertion,insert,7,insert
inserts,insert,7,insert
intervene,intervene,7,intervene
intervened,intervene,7,intervene
intervenes,intervene,7,intervene
intervening,intervene,7,intervene
intervention,intervene,7,intervene
interventions,intervene,7,intervene
isolate,isolate,7,isolate
isolated,isolate,7,isolate
isolates,isolate,7,isolate
isolating,isolate,7,isolate
isolation,isolate,7,isolate
isolationism,isolate,7,isolate
media,media,7,media
mode,mode,7,mode
modes,mode,7,mode
paradigm,paradigm,7,paradigm
paradigms,paradigm,7,paradigm
phenomenon,phenomenon,7,phenomenon
phenomena,phenomenon,7,phenomenon
phenomenal,phenomenon,7,phenomenon
priority,priority,7,priority
priorities,priority,7,priority
prioritisation,priority,7,priority
prioritise,priority,7,priority
prioritised,priority,7,priority
prioritises,priority,7,priority
prioritising,priority,7,priority
prioritization,priority,7,priority
prioritize,priority,7,priority
prioritized,priority,7,priority
prioritizes,priority,7,priority
prioritizing,priority,7,priority
prohibit,prohibit,7,prohibit
prohibited,prohibit,7,prohibit
prohibiting,prohibit,7,prohibit
prohibition,prohibit,7,prohibit
prohibitions,prohibit,7,prohibit
prohibitive,prohibit,7,prohibit
prohibits,prohibit,7,prohibit
publication,publication,7,publication
publications,publication,7,publication
quote,quote,7,quote
quotation,quote,7,quote
quotations,quote,7,quote
quoted,quote,7,quote
quotes,quote,7,quote
quoting,quote,7,quote
release,release,7,release
released,release,7,release
releases,release,7,release
releasing,release,7,release
reverse,reverse,7,reverse
irreversible,reverse,7,reverse
reversal,reverse,7,reverse
reversals,reverse,7,reverse
reversed,reverse,7,reverse
reverses,reverse,7,reverse
reversible,reverse,7,reverse
reversing,reverse,7,reverse
simulate,simulate,7,simulate
simulated,simulate,7,simulate
simulates,simulate,7,simulate
simulating,simulate,7,simulate
simulation,simulate,7,simulate
sole,sole,7,sole
solely,sole,7,sole
somewhat,somewhat,7,somewhat
submit,submit,7,submit
submission,submit,7,submit
submissions,submit,7,submit
submits,submit,7,submit
submitted,submit,7,submit
submitting,submit,7,submit
successor,successor,7,successor
succession,successor,7,successor
successions,successor,7,successor
successive,successor,7,successor
successively,successor,7,successor
successors,successor,7,successor
survive,survive,7,survive
survival,survive,7,survive
survived,survive,7,survive
survives,survive,7,survive
surviving,survive,7,survive
survivor,survive,7,survive
survivors,survive,7,survive
thesis,thesis,7,thesis
theses,thesis,7,thesis
topic,topic,7,topic
topical,topic,7,topic
topics,topic,7,topic
transmit,transmit,7,transmit
transmission,transmit,7,transmit
transmissions,transmit,7,transmit
transmits,transmit,7,transmit
transmitted,transmit,7,transmit
transmitting,transmit,7,transmit
ultimate,ultimate,7,ultimate
ultimately,ultimate,7,ultimate
unique,unique,7,unique
uniquely,unique,7,unique
uniqueness,unique,7,unique
visible,visible,7,visible
invisibility,visible,7,visible
invisible,visible,7,visible
visibility,visible,7,visible
visibly,visible,7,visible
voluntary,voluntary,7,voluntary
voluntarily,voluntary,7,voluntary
volunteer,voluntary,7,voluntary
volunteered,voluntary,7,voluntary
volunteering,voluntary,7,voluntary
volunteers,voluntary,7,voluntary
abandon,abandon,8,abandon
abandoned,abandon,8,abandon
abandoning,abandon,8,abandon
abandonment,abandon,8,abandon
abandons,abandon,8,abandon
accompany,accompany,8,accompany
accompanied,accompany,8,accompany
accompanies,accompany,8,accompany
accompaniment,accompany,8,accompany
accompanying,accompany,8,accompany
unaccompanied,accompany,8,accompany
accumulate,accumulate,8,accumulate
accumulated,accumulate,8,accumulate
accumulates,accumulate,8,accumulate
accumulating,accumulate,8,accumulate
accumulation,accumulate,8,accumulate
ambiguous,ambiguous,8,ambiguous
ambiguities,ambiguous,8,ambiguous
ambiguity,ambiguous,8,ambiguous
unambiguous,ambiguous,8,ambiguous
unambiguously,ambiguous,8,ambiguous
append,append,8,append
appended,append,8,append
appendices,append,8,append
appending,append,8,append
appendix,append,8,append
appendixes,append,8,append
appends,append,8,append
appreciate,appreciate,8,appreciate
appreciable,appreciate,8,appreciate
appreciably,appreciate,8,appreciate
appreciated,appreciate,8,appreciate
appreciates,appreciate,8,appreciate
appreciating,appreciate,8,appreciate
appreciation,appreciate,8,appreciate
unappreciated,appreciate,8,appreciate
arbitrary,arbitrary,8,arbitrary
arbitrarily,arbitrary,8,arbitrary
arbitrariness,arbitrary,8,arbitrary
automate,automate,8,automate
automated,automate,8,automate
automates,automate,8,automate
automatic,automate,8,automate
automatically,automate,8,automate
automating,automate,8,automate
automation,automate,8,automate
bias,bias,8,bias
biased,bias,8,bias
biases,bias,8,bias
biasing,bias,8,bias
unbiased,bias,8,bias
chart,chart,8,chart
charted,chart,8,chart
charting,chart,8,chart
charts,chart,8,chart
uncharted,chart,8,chart
clarify,clarify,8,clarify
clarification,clarify,8,clarify
clarified,clarify,8,clarify
clarifies,clarify,8,clarify
clarifying,clarify,8,clarify
clarity,clarify,8,clarify
commodity,commodity,8,commodity
commodities,commodity,8,commodity
complement,complement,8,complement
complementary,complement,8,complement
complemented,complement,8,complement
complementing,complement,8,complement
complements,complement,8,complement
conform,conform,8,conform
conformability,conform,8,conform
conformable,conform,8,conform
conformance,conform,8,conform
conformation,conform,8,conform
conformed,conform,8,conform
conforming,conform,8,conform
conformist,conform,8,conform
conformists,conform,8,conform
conformity,conform,8,conform
conforms,conform,8,conform
non-conformist,conform,8,conform
non-conformists,conform,8,conform
non-conformity,conform,8,conform
nonconformist,conform,8,conform
nonconformists,conform,8,conform
nonconformity,conform,8,conform
contemporary,contemporary,8,contemporary
contemporaries,contemporary,8,contemporary
contradict,contradict,8,contradict
contradicted,contradict,8,contradict
contradicting,contradict,8,contradict
contradiction,contradict,8,contradict
contradictions,contradict,8,contradict
contradictory,contradict,8,contradict
contradicts,contradict,8,contradict
crucial,crucial,8,crucial
crucially,crucial,8,crucial
currency,currency,8,currency
currencies,currency,8,currency
denote,denote,8,denote
denotation,denote,8,denote
denotations,denote,8,denote
denoted,denote,8,denote
denotes,denote,8,denote
denoting,denote,8,denote
detect,detect,8,detect
detectable,detect,8,detect
detected,detect,8,detect
detecting,detect,8,detect
detection,detect,8,detect
detective,detect,8,detect
detectives,detect,8,detect
detector,detect,8,detect
detectors,detect,8,detect
detects,detect,8,detect
deviate,deviate,8,deviate
deviated,deviate,8,deviate
deviates,deviate,8,deviate
deviating,deviate,8,deviate
deviation,deviate,8,deviate
deviations,deviate,8,deviate
displace,displace,8,displace
displaced,displace,8,displace
displacement,displace,8,displace
displaces,displace,8,displace
displacing,displace,8,displace
drama,drama,8,drama
dramas,drama,8,drama
dramatic,drama,8,drama
dramatically,drama,8,drama
dramatisation,drama,8,drama
dramatisations,drama,8,drama
dramatise,drama,8,drama
dramatised,drama,8,drama
dramatises,drama,8,drama
dramatising,drama,8,drama
dramatist,drama,8,drama
dramatists,drama,8,drama
dramatization,drama,8,drama
dramatizations,drama,8,drama
dramatize,drama,8,drama
dramatized,drama,8,drama
dramatizes,drama,8,drama
dramatizing,drama,8,drama
eventual,eventual,8,eventual
eventuality,eventual,8,eventual
eventually,eventual,8,eventual
exhibit,exhibit,8,exhibit
exhibited,exhibit,8,exhibit
exhibiting,exhibit,8,exhibit
exhibition,exhibit,8,exhibit
exhibitions,exhibit,8,exhibit
exhibits,exhibit,8,exhibit
exploit,exploit,8,exploit
exploitation,exploit,8,exploit
exploited,exploit,8,exploit
exploiting,exploit,8,exploit
exploits,exploit,8,exploit
fluctuate,fluctuate,8,fluctuate
fluctuated,fluctuate,8,fluctuate
fluctuates,fluctuate,8,fluctuate
fluctuating,fluctuate,8,fluctuate
fluctuation,fluctuate,8,fluctuate
fluctuations,fluctuate,8,fluctuate
guideline,guideline,8,guideline
guidelines,guideline,8,guideline
highlight,highlight,8,highlight
highlighted,highlight,8,highlight
highlighting,highlight,8,highlight
highlights,highlight,8,highlight
implicit,implicit,8,implicit
implicitly,implicit,8,implicit
induce,induce,8,induce
induced,induce,8,induce
induces,induce,8,induce
inducing,induce,8,induce
induction,induce,8,induce
inevitable,inevitable,8,inevitable
inevitability,inevitable,8,inevitable
inevitably,inevitable,8,inevitable
infrastructure,infrastructure,8,infrastructure
infrastructures,infrastructure,8,infrastructure
inspect,inspect,8,inspect
inspected,inspect,8,inspect
inspecting,inspect,8,inspect
inspection,inspect,8,inspect
inspections,inspect,8,inspect
inspector,inspect,8,inspect
inspectors,inspect,8,inspect
inspects,inspect,8,inspect
intense,intense,8,intense
intensely,intense,8,intense
intenseness,intense,8,intense
intensification,intense,8,intense
intensified,intense,8,intense
intensifies,intense,8,intense
intensify,intense,8,intense
intensifying,intense,8,intense
intension,intense,8,intense
intensity,intense,8,intense
intensive,intense,8,intense
intensively,intense,8,intense
manipulate,manipulate,8,manipulate
manipulated,manipulate,8,manipulate
manipulates,manipulate,8,manipulate
manipulating,manipulate,8,manipulate
manipulation,manipulate,8,manipulate
manipulations,manipulate,8,manipulate
manipulative,manipulate,8,manipulate
minimise,minimise,8,minimise
minimised,minimise,8,minimise
minimises,minimise,8,minimise
minimising,minimise,8,minimise
minimize,minimise,8,minimise
minimized,minimise,8,minimise
minimizes,minimise,8,minimise
minimizing,minimise,8,minimise
nuclear,nuclear,8,nuclear
offset,offset,8,offset
offsets,offset,8,offset
offsetting,offset,8,offset
paragraph,paragraph,8,paragraph
paragraphing,paragraph,8,paragraph
paragraphs,paragraph,8,paragraph
plus,plus,8,plus
pluses,plus,8,plus
practitioner,practitioner,8,practitioner
practitioners,practitioner,8,practitioner
predominant,predominant,8,predominant
predominance,predominant,8,predominant
predominantly,predominant,8,predominant
predominate,predominant,8,predominant
predominated,predominant,8,predominant
predominates,predominant,8,predominant
predominating,predominant,8,predominant
prospect,prospect,8,prospect
prospective,prospect,8,prospect
prospects,prospect,8,prospect
radical,radical,8,radical
radically,radical,8,radical
radicals,radical,8,radical
random,random,8,random
randomly,random,8,random
randomness,random,8,random
reinforce,reinforce,8,reinforce
reinforced,reinforce,8,reinforce
reinforcement,reinforce,8,reinforce
reinforcements,reinforce,8,reinforce
reinforces,reinforce,8,reinforce
reinforcing,reinforce,8,reinforce
restore,restore,8,restore
restoration,restore,8,restore
restored,restore,8,restore
restores,restore,8,restore
restoring,restore,8,restore
revise,revise,8,revise
revised,revise,8,revise
revises,revise,8,revise
revising,revise,8,revise
revision,revise,8,revise
revisions,revise,8,revise
schedule,schedule,8,schedule
reschedule,schedule,8,schedule
rescheduled,schedule,8,schedule
reschedules,schedule,8,schedule
rescheduling,schedule,8,schedule
scheduled,schedule,8,schedule
schedules,schedule,8,schedule
scheduling,schedule,8,schedule
unscheduled,schedule,8,schedule
tense,tense,8,tense
tensely,tense,8,tense
tenser,tense,8,tense
tensest,tense,8,tense
tension,tense,8,tense
tensions,tense,8,tense
terminate,terminate,8,terminate
terminal,terminate,8,terminate
terminals,terminate,8,terminate
terminated,terminate,8,terminate
terminates,terminate,8,terminate
terminating,terminate,8,terminate
termination,terminate,8,terminate
terminations,terminate,8,terminate
theme,theme,8,theme
thematic,theme,8,theme
thematically,theme,8,theme
themes,theme,8,theme
thereby,thereby,8,thereby
uniform,uniform,8,uniform
uniformity,uniform,8,uniform
uniformly,uniform,8,uniform
vehicle,vehicle,8,vehicle
vehicles,vehicle,8,vehicle
via,via,8,via
virtual,virtual,8,virtual
virtually,virtual,8,virtual
visual,visual,8,visual
visualisation,visual,8,visual
visualise,visual,8,visual
visualised,visual,8,visual
visualising,visual,8,visual
visualization,visual,8,visual
visualize,visual,8,visual
visualized,visual,8,visual
visualizing,visual,8,visual
visually,visual,8,visual
widespread,widespread,8,widespread
accommodate,accommodate,9,accommodate
accommodated,accommodate,9,accommodate
accommodates,accommodate,9,accommodate
accommodating,accommodate,9,accommodate
accommodation,accommodate,9,accommodate
analogy,analogy,9,analogy
analogies,analogy,9,analogy
analogous,analogy,9,analogy
anticipate,anticipate,9,anticipate
anticipated,anticipate,9,anticipate
anticipates,anticipate,9,anticipate
anticipating,anticipate,9,anticipate
anticipation,anticipate,9,anticipate
unanticipated,anticipate,9,anticipate
assure,assure,9,assure
assurance,assure,9,assure
assurances,assure,9,assure
assured,assure,9,assure
assuredly,assure,9,assure
assures,assure,9,assure
assuring,assure,9,assure
attain,attain,9,attain
attainable,attain,9,attain
attained,attain,9,attain
attaining,attain,9,attain
attainment,attain,9,attain
attainments,attain,9,attain
attains,attain,9,attain
unattainable,attain,9,attain
behalf,behalf,9,behalf
bulk,bulk,9,bulk
bulky,bulk,9,bulk
cease,cease,9,cease
ceased,cease,9,cease
ceaseless,cease,9,cease
ceases,cease,9,cease
ceasing,cease,9,cease
coherent,coherent,9,coherent
coherence,coherent,9,coherent
coherently,coherent,9,coherent
incoherent,coherent,9,coherent
incoherently,coherent,9,coherent
coincide,coincide,9,coincide
coincided,coincide,9,coincide
coincidence,coincide,9,coincide
coincidences,coincide,9,coincide
coincident,coincide,9,coincide
coincidental,coincide,9,coincide
coincides,coincide,9,coincide
coinciding,coincide,9,coincide
commence,commence,9,commence
commenced,commence,9,commence
commencement,commence,9,commence
commences,commence,9,commence
commencing,commence,9,commence
recommenced,commence,9,commence
recommences,commence,9,commence
recommencing,commence,9,commence
compatible,compatible,9,compatible
compatibility,compatible,9,compatible
incompatibility,compatible,9,compatible
incompatible,compatible,9,compatible
concurrent,concurrent,9,concurrent
concurrently,concurrent,9,concurrent
confine,confine,9,confine
confined,confine,9,confine
confines,confine,9,confine
confining,confine,9,confine
unconfined,confine,9,confine
controversy,controversy,9,controversy
controversial,controversy,9,controversy
controversially,controversy,9,controversy
controversies,controversy,9,controversy
uncontroversial,controversy,9,controversy
converse,converse,9,converse
conversely,converse,9,converse
device,device,9,device
devices,device,9,device
devote,devote,9,devote
devoted,devote,9,devote
devotedly,devote,9,devote
devotes,devote,9,devote
devoting,devote,9,devote
devotion,devote,9,devote
devotions,devote,9,devote
diminish,diminish,9,diminish
diminished,diminish,9,diminish
diminishes,diminish,9,diminish
diminishing,diminish,9,diminish
diminution,diminish,9,diminish
undiminished,diminish,9,diminish
distort,distort,9,distort
distorted,distort,9,distort
distorting,distort,9,distort
distortion,distort,9,distort
distortions,distort,9,distort
distorts,distort,9,distort
duration,duration,9,duration
erode,erode,9,erode
eroded,erode,9,erode
erodes,erode,9,erode
eroding,erode,9,erode
erosion,erode,9,erode
ethic,ethic,9,ethic
ethical,ethic,9,ethic
ethically,ethic,9,ethic
ethics,ethic,9,ethic
unethical,ethic,9,ethic
format,format,9,format
formats,format,9,format
formatted,format,9,format
formatting,format,9,format
found,found,9,found
founded,found,9,found
founder,found,9,found
founders,found,9,found
founding,found,9,found
unfounded,found,9,found
inherent,inherent,9,inherent
inherently,inherent,9,inherent
insight,insight,9,insight
insightful,insight,9,insight
insights,insight,9,insight
integral,integral,9,integral
intermediate,intermediate,9,intermediate
manual,manual,9,manual
manually,manual,9,manual
manuals,manual,9,manual
mature,mature,9,mature
immature,mature,9,mature
immaturity,mature,9,mature
maturation,mature,9,mature
maturational,mature,9,mature
matured,mature,9,mature
matures,mature,9,mature
maturing,mature,9,mature
maturity,mature,9,mature
mediate,mediate,9,mediate
mediated,mediate,9,mediate
mediates,mediate,9,mediate
mediating,mediate,9,mediate
mediation,mediate,9,mediate
medium,medium,9,medium
military,military,9,military
minimal,minimal,9,minimal
minimalisation,minimal,9,minimal
minimalise,minimal,9,minimal
minimalised,minimal,9,minimal
minimalises,minimal,9,minimal
minimalising,minimal,9,minimal
minimalist,minimal,9,minimal
minimalistic,minimal,9,minimal
minimalists,minimal,9,minimal
minimalization,minimal,9,minimal
minimalize,minimal,9,minimal
minimalized,minimal,9,minimal
minimalizes,minimal,9,minimal
minimalizing,minimal,9,minimal
minimally,minimal,9,minimal
mutual,mutual,9,mutual
mutually,mutual,9,mutual
norm,norm,9,norm
norms,norm,9,norm
overlap,overlap,9,overlap
overlapped,overlap,9,overlap
overlapping,overlap,9,overlap
overlaps,overlap,9,overlap
passive,passive,9,passive
passively,passive,9,passive
passivity,passive,9,passive
portion,portion,9,portion
portions,portion,9,portion
preliminary,preliminary,9,preliminary
preliminaries,preliminary,9,preliminary
protocol,protocol,9,protocol
protocols,protocol,9,protocol
qualitative,qualitative,9,qualitative
qualitatively,qualitative,9,qualitative
refine,refine,9,refine
refined,refine,9,refine
refinement,refine,9,refine
refinements,refine,9,refine
refines,refine,9,refine
refining,refine,9,refine
relax,relax,9,relax
relaxation,relax,9,relax
relaxed,relax,9,relax
relaxes,relax,9,relax
relaxing,relax,9,relax
restrain,restrain,9,restrain
restrained,restrain,9,restrain
restraining,restrain,9,restrain
restrains,restrain,9,restrain
restraint,restrain,9,restrain
restraints,restrain,9,restrain
unrestrained,restrain,9,restrain
revolution,revolution,9,revolution
revolutionaries,revolution,9,revolution
revolutionary,revolution,9,revolution
revolutionise,revolution,9,revolution
revolutionised,revolution,9,revolution
revolutionises,revolution,9,revolution
revolutionising,revolution,9,revolution
revolutionist,revolution,9,revolution
revolutionists,revolution,9,revolution
revolutionize,revolution,9,revolution
revolutionized,revolution,9,revolution
revolutionizes,revolution,9,revolution
revolutionizing,revolution,9,revolution
revolutions,revolution,9,revolution
rigid,rigid,9,rigid
rigidities,rigid,9,rigid
rigidity,rigid,9,rigid
rigidly,rigid,9,rigid
route,route,9,route
routed,route,9,route
routes,route,9,route
routing,route,9,route
scenario,scenario,9,scenario
scenarios,scenario,9,scenario
sphere,sphere,9,sphere
spheres,sphere,9,sphere
spherical,sphere,9,sphere
spherically,sphere,9,sphere
subordinate,subordinate,9,subordinate
subordinates,subordinate,9,subordinate
subordination,subordinate,9,subordinate
supplement,supplement,9,supplement
supplementary,supplement,9,supplement
supplemented,supplement,9,supplement
supplementing,supplement,9,supplement
supplements,supplement,9,supplement
suspend,suspend,9,suspend
suspended,suspend,9,suspend
suspending,suspend,9,suspend
suspends,suspend,9,suspend
suspension,suspend,9,suspend
team,team,9,team
teamed,team,9,team
teaming,team,9,team
teams,team,9,team
temporary,temporary,9,temporary
temporarily,temporary,9,temporary
trigger,trigger,9,trigger
triggered,trigger,9,trigger
triggering,trigger,9,trigger
triggers,trigger,9,trigger
unify,unify,9,unify
unification,unify,9,unify
unified,unify,9,unify
unifies,unify,9,unify
unifying,unify,9,unify
violate,violate,9,violate
violated,violate,9,violate
violates,violate,9,violate
violating,violate,9,violate
violation,violate,9,violate
violations,violate,9,violate
vision,vision,9,vision
visions,vision,9,vision
adjacent,adjacent,10,adjacent
albeit,albeit,10,albeit
assemble,assemble,10,assemble
assembled,assemble,10,assemble
assembles,assemble,10,assemble
assemblies,assemble,10,assemble
assembling,assemble,10,assemble
assembly,assemble,10,assemble
collapse,collapse,10,collapse
collapsed,collapse,10,collapse
collapses,collapse,10,collapse
collapsible,collapse,10,collapse
collapsing,collapse,10,collapse
colleague,colleague,10,colleague
colleagues,colleague,10,colleague
compile,compile,10,compile
compilation,compile,10,compile
compilations,compile,10,compile
compiled,compile,10,compile
compiles,compile,10,compile
compiling,compile,10,compile
conceive,conceive,10,conceive
conceivable,conceive,10,conceive
conceivably,conceive,10,conceive
conceived,conceive,10,conceive
conceives,conceive,10,conceive
conceiving,conceive,10,conceive
inconceivable,conceive,10,conceive
inconceivably,conceive,10,conceive
convince,convince,10,convince
convinced,convince,10,convince
convinces,convince,10,convince
convincing,convince,10,convince
convincingly,convince,10,convince
unconvinced,convince,10,convince
depress,depress,10,depress
depressed,depress,10,depress
depresses,depress,10,depress
depressing,depress,10,depress
depression,depress,10,depress
encounter,encounter,10,encounter
encountered,encounter,10,encounter
encountering,encounter,10,encounter
encounters,encounter,10,encounter
enormous,enormous,10,enormous
enormity,enormous,10,enormous
enormously,enormous,10,enormous
forthcoming,forthcoming,10,forthcoming
incline,incline,10,incline
inclination,incline,10,incline
inclinations,incline,10,incline
inclined,incline,10,incline
inclines,incline,10,incline
inclining,incline,10,incline
integrity,integrity,10,integrity
intrinsic,intrinsic,10,intrinsic
intrinsically,intrinsic,10,intrinsic
invoke,invoke,10,invoke
invoked,invoke,10,invoke
invokes,invoke,10,invoke
invoking,invoke,10,invoke
levy,levy,10,levy
levies,levy,10,levy
likewise,likewise,10,likewise
nonetheless,nonetheless,10,nonetheless
notwithstanding,notwithstanding,10,notwithstanding
odd,odd,10,odd
odds,odd,10,odd
ongoing,ongoing,10,ongoing
panel,panel,10,panel
panelled,panel,10,panel
panelling,panel,10,panel
panels,panel,10,panel
persist,persist,10,persist
persisted,persist,10,persist
persistence,persist,10,persist
persistent,persist,10,persist
persistently,persist,10,persist
persisting,persist,10,persist
persists,persist,10,persist
pose,pose,10,pose
posed,pose,10,pose
poses,pose,10,pose
posing,pose,10,pose
reluctance,reluctance,10,reluctance
reluctant,reluctance,10,reluctance
reluctantly,reluctance,10,reluctance
so-called,so-called,10,so-called
straightforward,straightforward,10,straightforward
undergo,undergo,10,undergo
undergoes,undergo,10,undergo
undergoing,undergo,10,undergo
undergone,undergo,10,undergo
underwent,undergo,10,undergo
whereby,whereby,10,whereby
