match_form,headword,list_name,gsl_rank,family_id
a,a,GSL,1,a
ability,ability,GSL,2,ability
able,able,GSL,3,able
about,about,GSL,4,about
above,above,GSL,5,above
abroad,abroad,GSL,6,abroad
absence,absence,GSL,7,absence
absent,absent,GSL,8,absent
absolute,absolute,GSL,9,absolute
accept,accept,GSL,10,accept
accident,accident,GSL,11,accident
accord,accord,GSL,12,accord
account,account,GSL,13,account
accuse,accuse,GSL,14,accuse
accustom,accustom,GSL,15,accustom
ache,ache,GSL,16,ache
across,across,GSL,17,across
act,act,GSL,18,act
action,action,GSL,19,action
active,active,GSL,20,active
actor,actor,GSL,21,actor
actress,actress,GSL,22,actress
actual,actual,GSL,23,actual
add,add,GSL,24,add
address,address,GSL,25,address
admire,admire,GSL,26,admire
admission,admission,GSL,27,admission
admit,admit,GSL,28,admit
adopt,adopt,GSL,29,adopt
adoption,adoption,GSL,30,adoption
advance,advance,GSL,31,advance
advantage,advantage,GSL,32,advantage
adventure,adventure,GSL,33,adventure
advertise,advertise,GSL,34,advertise
advice,advice,GSL,35,advice
advise,advise,GSL,36,advise
affair,affair,GSL,37,affair
afford,afford,GSL,38,afford
afraid,afraid,GSL,39,afraid
after,after,GSL,40,after
afternoon,afternoon,GSL,41,afternoon
again,again,GSL,42,again
against,against,GSL,43,against
age,age,GSL,44,age
agency,agency,GSL,45,agency
agent,agent,GSL,46,agent
ago,ago,GSL,47,ago
agree,agree,GSL,48,agree
agriculture,agriculture,GSL,49,agriculture
ahead,ahead,GSL,50,ahead
aim,aim,GSL,51,aim
air,air,GSL,52,air
airplane,airplane,GSL,53,airplane
alike,alike,GSL,54,alike
alive,alive,GSL,55,alive
all,all,GSL,56,all
allow,allow,GSL,57,allow
allowance,allowance,GSL,58,allowance
almost,almost,GSL,59,almost
alone,alone,GSL,60,alone
along,along,GSL,61,along
aloud,aloud,GSL,62,aloud
already,already,GSL,63,already
also,also,GSL,64,also
although,although,GSL,65,although
altogether,altogether,GSL,66,altogether
always,always,GSL,67,always
ambition,ambition,GSL,68,ambition
ambitious,ambitious,GSL,69,ambitious
among,among,GSL,70,among
amongst,amongst,GSL,71,amongst
amount,amount,GSL,72,amount
amuse,amuse,GSL,73,amuse
ancient,ancient,GSL,74,ancient
and,and,GSL,75,and
anger,anger,GSL,76,anger
angle,angle,GSL,77,angle
angry,angry,GSL,78,angry
animal,animal,GSL,79,animal
annoy,annoy,GSL,80,annoy
annoyance,annoyance,GSL,81,annoyance
another,another,GSL,82,another
answer,answer,GSL,83,answer
anxiety,anxiety,GSL,84,anxiety
anxious,anxious,GSL,85,anxious
any,any,GSL,86,any
anybody,anybody,GSL,87,anybody
anyhow,anyhow,GSL,88,anyhow
anyone,anyone,GSL,89,anyone
anything,anything,GSL,90,anything
anyway,anyway,GSL,91,anyway
anywhere,anywhere,GSL,92,anywhere
apart,apart,GSL,93,apart
apology,apology,GSL,94,apology
appear,appear,GSL,95,appear
appearance,appearance,GSL,96,appearance
applaud,applaud,GSL,97,applaud
applause,applause,GSL,98,applause
apple,apple,GSL,99,apple
application,application,GSL,100,application
apply,apply,GSL,101,apply
appoint,appoint,GSL,102,appoint
approve,approve,GSL,103,approve
arch,arch,GSL,104,arch
argue,argue,GSL,105,argue
arise,arise,GSL,106,arise
arm,arm,GSL,107,arm
army,army,GSL,108,army
around,around,GSL,109,around
arrange,arrange,GSL,110,arrange
arrest,arrest,GSL,111,arrest
arrive,arrive,GSL,112,arrive
arrow,arrow,GSL,113,arrow
art,art,GSL,114,art
article,article,GSL,115,article
artificial,artificial,GSL,116,artificial
as,as,GSL,117,as
ash,ash,GSL,118,ash
ashamed,ashamed,GSL,119,ashamed
aside,aside,GSL,120,aside
ask,ask,GSL,121,ask
asleep,asleep,GSL,122,asleep
association,association,GSL,123,association
astonish,astonish,GSL,124,astonish
at,at,GSL,125,at
attack,attack,GSL,126,attack
attempt,attempt,GSL,127,attempt
attend,attend,GSL,128,attend
attention,attention,GSL,129,attention
attentive,attentive,GSL,130,attentive
attract,attract,GSL,131,attract
attraction,attraction,GSL,132,attraction
attractive,attractive,GSL,133,attractive
audience,audience,GSL,134,audience
aunt,aunt,GSL,135,aunt
autumn,autumn,GSL,136,autumn
avenue,avenue,GSL,137,avenue
average,average,GSL,138,average
avoid,avoid,GSL,139,avoid
avoidance,avoidance,GSL,140,avoidance
awake,awake,GSL,141,awake
away,away,GSL,142,away
awkward,awkward,GSL,143,awkward
axe,axe,GSL,144,axe
baby,baby,GSL,145,baby
back,back,GSL,146,back
backward,backward,GSL,147,backward
bad,bad,GSL,148,bad
bag,bag,GSL,149,bag
baggage,baggage,GSL,150,baggage
bake,bake,GSL,151,bake
balance,balance,GSL,152,balance
ball,ball,GSL,153,ball
band,band,GSL,154,band
bank,bank,GSL,155,bank
bar,bar,GSL,156,bar
barber,barber,GSL,157,barber
bare,bare,GSL,158,bare
bargain,bargain,GSL,159,bargain
barrel,barrel,GSL,160,barrel
base,base,GSL,161,base
basic,basic,GSL,162,basic
basin,basin,GSL,163,basin
basis,basis,GSL,164,basis
basket,basket,GSL,165,basket
bath,bath,GSL,166,bath
bathe,bathe,GSL,167,bathe
battle,battle,GSL,168,battle
bay,bay,GSL,169,bay
be,be,GSL,170,be
beak,beak,GSL,171,beak
beam,beam,GSL,172,beam
bean,bean,GSL,173,bean
bear,bear,GSL,174,bear
beard,beard,GSL,175,beard
beast,beast,GSL,176,beast
beat,beat,GSL,177,beat
beauty,beauty,GSL,178,beauty
because,because,GSL,179,because
become,become,GSL,180,become
bed,bed,GSL,181,bed
bedroom,bedroom,GSL,182,bedroom
before,before,GSL,183,before
beg,beg,GSL,184,beg
begin,begin,GSL,185,begin
behave,behave,GSL,186,behave
behavior,behavior,GSL,187,behavior
behind,behind,GSL,188,behind
being,being,GSL,189,being
belief,belief,GSL,190,belief
believe,believe,GSL,191,believe
bell,bell,GSL,192,bell
belong,belong,GSL,193,belong
below,below,GSL,194,below
belt,belt,GSL,195,belt
bend,bend,GSL,196,bend
beneath,beneath,GSL,197,beneath
berry,berry,GSL,198,berry
beside,beside,GSL,199,beside
besides,besides,GSL,200,besides
best,best,GSL,201,best
better,better,GSL,202,better
between,between,GSL,203,between
beyond,beyond,GSL,204,beyond
bicycle,bicycle,GSL,205,bicycle
big,big,GSL,206,big
bill,bill,GSL,207,bill
bind,bind,GSL,208,bind
bird,bird,GSL,209,bird
birth,birth,GSL,210,birth
bit,bit,GSL,211,bit
bite,bite,GSL,212,bite
bitter,bitter,GSL,213,bitter
black,black,GSL,214,black
blade,blade,GSL,215,blade
blame,blame,GSL,216,blame
bleed,bleed,GSL,217,bleed
bless,bless,GSL,218,bless
blind,blind,GSL,219,blind
block,block,GSL,220,block
blood,blood,GSL,221,blood
blow,blow,GSL,222,blow
blue,blue,GSL,223,blue
board,board,GSL,224,board
boast,boast,GSL,225,boast
boat,boat,GSL,226,boat
body,body,GSL,227,body
boil,boil,GSL,228,boil
bold,bold,GSL,229,bold
bone,bone,GSL,230,bone
book,book,GSL,231,book
border,border,GSL,232,border
borrow,borrow,GSL,233,borrow
both,both,GSL,234,both
bottle,bottle,GSL,235,bottle
bottom,bottom,GSL,236,bottom
bound,bound,GSL,237,bound
boundary,boundary,GSL,238,boundary
bow,bow,GSL,239,bow
bowl,bowl,GSL,240,bowl
box,box,GSL,241,box
boy,boy,GSL,242,boy
brain,brain,GSL,243,brain
branch,branch,GSL,244,branch
brass,brass,GSL,245,brass
brave,brave,GSL,246,brave
bravery,bravery,GSL,247,bravery
bread,bread,GSL,248,bread
breadth,breadth,GSL,249,breadth
break,break,GSL,250,break
breakfast,breakfast,GSL,251,breakfast
breath,breath,GSL,252,breath
breathe,breathe,GSL,253,breathe
bribe,bribe,GSL,254,bribe
bribery,bribery,GSL,255,bribery
brick,brick,GSL,256,brick
bridge,bridge,GSL,257,bridge
bright,bright,GSL,258,bright
brighten,brighten,GSL,259,brighten
bring,bring,GSL,260,bring
broad,broad,GSL,261,broad
broadcast,broadcast,GSL,262,broadcast
brother,brother,GSL,263,brother
brown,brown,GSL,264,brown
brush,brush,GSL,265,brush
bucket,bucket,GSL,266,bucket
build,build,GSL,267,build
bunch,bunch,GSL,268,bunch
bundle,bundle,GSL,269,bundle
burn,burn,GSL,270,burn
burst,burst,GSL,271,burst
bury,bury,GSL,272,bury
bus,bus,GSL,273,bus
bush,bush,GSL,274,bush
business,business,GSL,275,business
businesslike,businesslike,GSL,276,businesslike
businessman,businessman,GSL,277,businessman
busy,busy,GSL,278,busy
but,but,GSL,279,but
butter,butter,GSL,280,butter
button,button,GSL,281,button
buy,buy,GSL,282,buy
by,by,GSL,283,by
cage,cage,GSL,284,cage
cake,cake,GSL,285,cake
calculate,calculate,GSL,286,calculate
calculation,calculation,GSL,287,calculation
calculator,calculator,GSL,288,calculator
call,call,GSL,289,call
calm,calm,GSL,290,calm
camera,camera,GSL,291,camera
camp,camp,GSL,292,camp
can,can,GSL,293,can
canal,canal,GSL,294,canal
cap,cap,GSL,295,cap
cape,cape,GSL,296,cape
capital,capital,GSL,297,capital
captain,captain,GSL,298,captain
car,car,GSL,299,car
card,card,GSL,300,card
care,care,GSL,301,care
carriage,carriage,GSL,302,carriage
carry,carry,GSL,303,carry
cart,cart,GSL,304,cart
case,case,GSL,305,case
castle,castle,GSL,306,castle
cat,cat,GSL,307,cat
catch,catch,GSL,308,catch
cattle,cattle,GSL,309,cattle
cause,cause,GSL,310,cause
caution,caution,GSL,311,caution
cautious,cautious,GSL,312,cautious
cave,cave,GSL,313,cave
cent,cent,GSL,314,cent
center,center,GSL,315,center
century,century,GSL,316,century
ceremony,ceremony,GSL,317,ceremony
certain,certain,GSL,318,certain
certainty,certainty,GSL,319,certainty
chain,chain,GSL,320,chain
chair,chair,GSL,321,chair
chairman,chairman,GSL,322,chairman
chalk,chalk,GSL,323,chalk
chance,chance,GSL,324,chance
change,change,GSL,325,change
character,character,GSL,326,character
charge,charge,GSL,327,charge
charm,charm,GSL,328,charm
cheap,cheap,GSL,329,cheap
cheat,cheat,GSL,330,cheat
check,check,GSL,331,check
cheer,cheer,GSL,332,cheer
cheese,cheese,GSL,333,cheese
chest,chest,GSL,334,chest
chicken,chicken,GSL,335,chicken
chief,chief,GSL,336,chief
child,child,GSL,337,child
childhood,childhood,GSL,338,childhood
chimney,chimney,GSL,339,chimney
choice,choice,GSL,340,choice
choose,choose,GSL,341,choose
christmas,christmas,GSL,342,christmas
church,church,GSL,343,church
circle,circle,GSL,344,circle
circular,circular,GSL,345,circular
citizen,citizen,GSL,346,citizen
city,city,GSL,347,city
civilize,civilize,GSL,348,civilize
claim,claim,GSL,349,claim
class,class,GSL,350,class
classification,classification,GSL,351,classification
classify,classify,GSL,352,classify
clay,clay,GSL,353,clay
clean,clean,GSL,354,clean
clear,clear,GSL,355,clear
clerk,clerk,GSL,356,clerk
clever,clever,GSL,357,clever
cliff,cliff,GSL,358,cliff
climb,climb,GSL,359,climb
clock,clock,GSL,360,clock
close,close,GSL,361,close
cloth,cloth,GSL,362,cloth
clothe,clothe,GSL,363,clothe
cloud,cloud,GSL,364,cloud
club,club,GSL,365,club
coal,coal,GSL,366,coal
coarse,coarse,GSL,367,coarse
coast,coast,GSL,368,coast
coat,coat,GSL,369,coat
coffee,coffee,GSL,370,coffee
coin,coin,GSL,371,coin
cold,cold,GSL,372,cold
collar,collar,GSL,373,collar
collect,collect,GSL,374,collect
collection,collection,GSL,375,collection
collector,collector,GSL,376,collector
college,college,GSL,377,college
colony,colony,GSL,378,colony
color,color,GSL,379,color
comb,comb,GSL,380,comb
combine,combine,GSL,381,combine
come,come,GSL,382,come
comfort,comfort,GSL,383,comfort
command,command,GSL,384,command
commerce,commerce,GSL,385,commerce
commercial,commercial,GSL,386,commercial
committee,committee,GSL,387,committee
common,common,GSL,388,common
companion,companion,GSL,389,companion
companionship,companionship,GSL,390,companionship
company,company,GSL,391,company
compare,compare,GSL,392,compare
comparison,comparison,GSL,393,comparison
compete,compete,GSL,394,compete
competition,competition,GSL,395,competition
competitor,competitor,GSL,396,competitor
complain,complain,GSL,397,complain
complaint,complaint,GSL,398,complaint
complete,complete,GSL,399,complete
completion,completion,GSL,400,completion
complicate,complicate,GSL,401,complicate
complication,complication,GSL,402,complication
compose,compose,GSL,403,compose
composition,composition,GSL,404,composition
concern,concern,GSL,405,concern
condition,condition,GSL,406,condition
confess,confess,GSL,407,confess
confession,confession,GSL,408,confession
confidence,confidence,GSL,409,confidence
confident,confident,GSL,410,confident
confidential,confidential,GSL,411,confidential
confuse,confuse,GSL,412,confuse
confusion,confusion,GSL,413,confusion
congratulate,congratulate,GSL,414,congratulate
congratulation,congratulation,GSL,415,congratulation
connect,connect,GSL,416,connect
connection,connection,GSL,417,connection
conquer,conquer,GSL,418,conquer
conqueror,conqueror,GSL,419,conqueror
conquest,conquest,GSL,420,conquest
conscience,conscience,GSL,421,conscience
conscious,conscious,GSL,422,conscious
consider,consider,GSL,423,consider
contain,contain,GSL,424,contain
content,content,GSL,425,content
continue,continue,GSL,426,continue
control,control,GSL,427,control
convenience,convenience,GSL,428,convenience
convenient,convenient,GSL,429,convenient
conversation,conversation,GSL,430,conversation
cook,cook,GSL,431,cook
cool,cool,GSL,432,cool
copper,copper,GSL,433,copper
copy,copy,GSL,434,copy
cork,cork,GSL,435,cork
corn,corn,GSL,436,corn
corner,corner,GSL,437,corner
correct,correct,GSL,438,correct
correction,correction,GSL,439,correction
cost,cost,GSL,440,cost
cottage,cottage,GSL,441,cottage
cotton,cotton,GSL,442,cotton
cough,cough,GSL,443,cough
could,could,GSL,444,could
council,council,GSL,445,council
count,count,GSL,446,count
country,country,GSL,447,country
courage,courage,GSL,448,courage
course,course,GSL,449,course
court,court,GSL,450,court
cousin,cousin,GSL,451,cousin
cover,cover,GSL,452,cover
cow,cow,GSL,453,cow
coward,coward,GSL,454,coward
cowardice,cowardice,GSL,455,cowardice
crack,crack,GSL,456,crack
crash,crash,GSL,457,crash
cream,cream,GSL,458,cream
creature,creature,GSL,459,creature
creep,creep,GSL,460,creep
crime,crime,GSL,461,crime
criminal,criminal,GSL,462,criminal
critic,critic,GSL,463,critic
crop,crop,GSL,464,crop
cross,cross,GSL,465,cross
crowd,crowd,GSL,466,crowd
crown,crown,GSL,467,crown
cruel,cruel,GSL,468,cruel
crush,crush,GSL,469,crush
cry,cry,GSL,470,cry
cultivate,cultivate,GSL,471,cultivate
cultivation,cultivation,GSL,472,cultivation
cultivator,cultivator,GSL,473,cultivator
cup,cup,GSL,474,cup
cupboard,cupboard,GSL,475,cupboard
cure,cure,GSL,476,cure
curious,curious,GSL,477,curious
curl,curl,GSL,478,curl
current,current,GSL,479,current
curse,curse,GSL,480,curse
curtain,curtain,GSL,481,curtain
curve,curve,GSL,482,curve
cushion,cushion,GSL,483,cushion
custom,custom,GSL,484,custom
customary,customary,GSL,485,customary
customer,customer,GSL,486,customer
cut,cut,GSL,487,cut
daily,daily,GSL,488,daily
damage,damage,GSL,489,damage
damp,damp,GSL,490,damp
dance,dance,GSL,491,dance
danger,danger,GSL,492,danger
dare,dare,GSL,493,dare
dark,dark,GSL,494,dark
darken,darken,GSL,495,darken
date,date,GSL,496,date
daughter,daughter,GSL,497,daughter
day,day,GSL,498,day
daylight,daylight,GSL,499,daylight
dead,dead,GSL,500,dead
deaf,deaf,GSL,501,deaf
deafen,deafen,GSL,502,deafen
deal,deal,GSL,503,deal
dear,dear,GSL,504,dear
death,death,GSL,505,death
debt,debt,GSL,506,debt
decay,decay,GSL,507,decay
deceit,deceit,GSL,508,deceit
deceive,deceive,GSL,509,deceive
decide,decide,GSL,510,decide
decision,decision,GSL,511,decision
decisive,decisive,GSL,512,decisive
declare,declare,GSL,513,declare
decrease,decrease,GSL,514,decrease
deed,deed,GSL,515,deed
deep,deep,GSL,516,deep
deepen,deepen,GSL,517,deepen
deer,deer,GSL,518,deer
defeat,defeat,GSL,519,defeat
defend,defend,GSL,520,defend
defendant,defendant,GSL,521,defendant
defense,defense,GSL,522,defense
degree,degree,GSL,523,degree
delay,delay,GSL,524,delay
delicate,delicate,GSL,525,delicate
delight,delight,GSL,526,delight
deliver,deliver,GSL,527,deliver
delivery,delivery,GSL,528,delivery
demand,demand,GSL,529,demand
department,department,GSL,530,department
depend,depend,GSL,531,depend
dependence,dependence,GSL,532,dependence
dependent,dependent,GSL,533,dependent
depth,depth,GSL,534,depth
descend,descend,GSL,535,descend
descendant,descendant,GSL,536,descendant
descent,descent,GSL,537,descent
describe,describe,GSL,538,describe
description,description,GSL,539,description
desert,desert,GSL,540,desert
deserve,deserve,GSL,541,deserve
desire,desire,GSL,542,desire
desk,desk,GSL,543,desk
despair,despair,GSL,544,despair
destroy,destroy,GSL,545,destroy
destruction,destruction,GSL,546,destruction
destructive,destructive,GSL,547,destructive
detail,detail,GSL,548,detail
determine,determine,GSL,549,determine
develop,develop,GSL,550,develop
devil,devil,GSL,551,devil
diamond,diamond,GSL,552,diamond
dictionary,dictionary,GSL,553,dictionary
die,die,GSL,554,die
difference,difference,GSL,555,difference
different,different,GSL,556,different
difficult,difficult,GSL,557,difficult
difficulty,difficulty,GSL,558,difficulty
dig,dig,GSL,559,dig
dine,dine,GSL,560,dine
dinner,dinner,GSL,561,dinner
dip,dip,GSL,562,dip
direct,direct,GSL,563,direct
direction,direction,GSL,564,direction
director,director,GSL,565,director
dirt,dirt,GSL,566,dirt
disagree,disagree,GSL,567,disagree
disappear,disappear,GSL,568,disappear
disappearance,disappearance,GSL,569,disappearance
disappoint,disappoint,GSL,570,disappoint
disapprove,disapprove,GSL,571,disapprove
discipline,discipline,GSL,572,discipline
discomfort,discomfort,GSL,573,discomfort
discontent,discontent,GSL,574,discontent
discover,discover,GSL,575,discover
discovery,discovery,GSL,576,discovery
discuss,discuss,GSL,577,discuss
discussion,discussion,GSL,578,discussion
disease,disease,GSL,579,disease
disgust,disgust,GSL,580,disgust
dish,dish,GSL,581,dish
dismiss,dismiss,GSL,582,dismiss
disregard,disregard,GSL,583,disregard
disrespect,disrespect,GSL,584,disrespect
dissatisfaction,dissatisfaction,GSL,585,dissatisfaction
dissatisfy,dissatisfy,GSL,586,dissatisfy
distance,distance,GSL,587,distance
distant,distant,GSL,588,distant
distinguish,distinguish,GSL,589,distinguish
district,district,GSL,590,district
disturb,disturb,GSL,591,disturb
ditch,ditch,GSL,592,ditch
dive,dive,GSL,593,dive
divide,divide,GSL,594,divide
division,division,GSL,595,division
do,do,GSL,596,do
doctor,doctor,GSL,597,doctor
dog,dog,GSL,598,dog
dollar,dollar,GSL,599,dollar
donkey,donkey,GSL,600,donkey
door,door,GSL,601,door
dot,dot,GSL,602,dot
double,double,GSL,603,double
doubt,doubt,GSL,604,doubt
down,down,GSL,605,down
dozen,dozen,GSL,606,dozen
drag,drag,GSL,607,drag
draw,draw,GSL,608,draw
drawer,drawer,GSL,609,drawer
dream,dream,GSL,610,dream
dress,dress,GSL,611,dress
drink,drink,GSL,612,drink
drive,drive,GSL,613,drive
drop,drop,GSL,614,drop
drown,drown,GSL,615,drown
drum,drum,GSL,616,drum
dry,dry,GSL,617,dry
duck,duck,GSL,618,duck
due,due,GSL,619,due
dull,dull,GSL,620,dull
during,during,GSL,621,during
dust,dust,GSL,622,dust
duty,duty,GSL,623,duty
each,each,GSL,624,each
eager,eager,GSL,625,eager
ear,ear,GSL,626,ear
early,early,GSL,627,early
earn,earn,GSL,628,earn
earnest,earnest,GSL,629,earnest
earth,earth,GSL,630,earth
ease,ease,GSL,631,ease
east,east,GSL,632,east
eastern,eastern,GSL,633,eastern
easy,easy,GSL,634,easy
eat,eat,GSL,635,eat
edge,edge,GSL,636,edge
"edited by h.m. al tahrawi, may 31, 2012.","edited by h.m. al tahrawi, may 31, 2012.",GSL,637,"edited by h.m. al tahrawi, may 31, 2012."
educate,educate,GSL,638,educate
education,education,GSL,639,education
educator,educator,GSL,640,educator
effect,effect,GSL,641,effect
effective,effective,GSL,642,effective
efficiency,efficiency,GSL,643,efficiency
efficient,efficient,GSL,644,efficient
effort,effort,GSL,645,effort
egg,egg,GSL,646,egg
either,either,GSL,647,either
elastic,elastic,GSL,648,elastic
elder,elder,GSL,649,elder
elect,elect,GSL,650,elect
election,election,GSL,651,election
electric,electric,GSL,652,electric
electrician,electrician,GSL,653,electrician
elephant,elephant,GSL,654,elephant
else,else,GSL,655,else
elsewhere,elsewhere,GSL,656,elsewhere
empire,empire,GSL,657,empire
employ,employ,GSL,658,employ
employee,employee,GSL,659,employee
empty,empty,GSL,660,empty
enclose,enclose,GSL,661,enclose
enclosure,enclosure,GSL,662,enclosure
encourage,encourage,GSL,663,encourage
end,end,GSL,664,end
enemy,enemy,GSL,665,enemy
engine,engine,GSL,666,engine
engineer,engineer,GSL,667,engineer
english,english,GSL,668,english
enjoy,enjoy,GSL,669,enjoy
enough,enough,GSL,670,enough
enter,enter,GSL,671,enter
entertain,entertain,GSL,672,entertain
entire,entire,GSL,673,entire
entrance,entrance,GSL,674,entrance
envelope,envelope,GSL,675,envelope
envy,envy,GSL,676,envy
equal,equal,GSL,677,equal
escape,escape,GSL,678,escape
especially,especially,GSL,679,especially
essence,essence,GSL,680,essence
essential,essential,GSL,681,essential
even,even,GSL,682,even
evening,evening,GSL,683,evening
event,event,GSL,684,event
ever,ever,GSL,685,ever
everlasting,everlasting,GSL,686,everlasting
every,every,GSL,687,every
everybody,everybody,GSL,688,everybody
everyday,everyday,GSL,689,everyday
everyone,everyone,GSL,690,everyone
everything,everything,GSL,691,everything
everywhere,everywhere,GSL,692,everywhere
evil,evil,GSL,693,evil
exact,exact,GSL,694,exact
examine,examine,GSL,695,examine
example,example,GSL,696,example
excellence,excellence,GSL,697,excellence
excellent,excellent,GSL,698,excellent
except,except,GSL,699,except
exception,exception,GSL,700,exception
excess,excess,GSL,701,excess
excessive,excessive,GSL,702,excessive
exchange,exchange,GSL,703,exchange
excite,excite,GSL,704,excite
excuse,excuse,GSL,705,excuse
exercise,exercise,GSL,706,exercise
exist,exist,GSL,707,exist
existence,existence,GSL,708,existence
expect,expect,GSL,709,expect
expense,expense,GSL,710,expense
expensive,expensive,GSL,711,expensive
experience,experience,GSL,712,experience
experiment,experiment,GSL,713,experiment
explain,explain,GSL,714,explain
explode,explode,GSL,715,explode
explore,explore,GSL,716,explore
explosion,explosion,GSL,717,explosion
explosive,explosive,GSL,718,explosive
express,express,GSL,719,express
expression,expression,GSL,720,expression
extend,extend,GSL,721,extend
extension,extension,GSL,722,extension
extensive,extensive,GSL,723,extensive
extent,extent,GSL,724,extent
extra,extra,GSL,725,extra
extraordinary,extraordinary,GSL,726,extraordinary
extreme,extreme,GSL,727,extreme
eye,eye,GSL,728,eye
face,face,GSL,729,face
fact,fact,GSL,730,fact
factory,factory,GSL,731,factory
fade,fade,GSL,732,fade
fail,fail,GSL,733,fail
failure,failure,GSL,734,failure
faint,faint,GSL,735,faint
fair,fair,GSL,736,fair
faith,faith,GSL,737,faith
fall,fall,GSL,738,fall
fame,fame,GSL,740,fame
familiar,familiar,GSL,741,familiar
family,family,GSL,742,family
fan,fan,GSL,743,fan
fancy,fancy,GSL,744,fancy
far,far,GSL,745,far
farm,farm,GSL,746,farm
fashion,fashion,GSL,747,fashion
fast,fast,GSL,748,fast
fasten,fasten,GSL,749,fasten
fat,fat,GSL,750,fat
fate,fate,GSL,751,fate
father,father,GSL,752,father
fatten,fatten,GSL,753,fatten
fault,fault,GSL,754,fault
favor,favor,GSL,755,favor
favorite,favorite,GSL,756,favorite
fear,fear,GSL,757,fear
feast,feast,GSL,758,feast
feather,feather,GSL,759,feather
feed,feed,GSL,760,feed
feel,feel,GSL,761,feel
fellow,fellow,GSL,762,fellow
fellowship,fellowship,GSL,763,fellowship
female,female,GSL,764,female
fence,fence,GSL,765,fence
fever,fever,GSL,766,fever
few,few,GSL,767,few
field,field,GSL,768,field
fierce,fierce,GSL,769,fierce
fight,fight,GSL,770,fight
figure,figure,GSL,771,figure
fill,fill,GSL,772,fill
film,film,GSL,773,film
find,find,GSL,774,find
fine,fine,GSL,775,fine
finger,finger,GSL,776,finger
finish,finish,GSL,777,finish
fire,fire,GSL,778,fire
firm,firm,GSL,779,firm
first,first,GSL,780,first
fish,fish,GSL,781,fish
fit,fit,GSL,782,fit
fix,fix,GSL,783,fix
flag,flag,GSL,784,flag
flame,flame,GSL,785,flame
flash,flash,GSL,786,flash
flat,flat,GSL,787,flat
flatten,flatten,GSL,788,flatten
flavor,flavor,GSL,789,flavor
flesh,flesh,GSL,790,flesh
float,float,GSL,791,float
flood,flood,GSL,792,flood
floor,floor,GSL,793,floor
flour,flour,GSL,794,flour
flow,flow,GSL,795,flow
flower,flower,GSL,796,flower
fly,fly,GSL,797,fly
fold,fold,GSL,798,fold
follow,follow,GSL,799,follow
fond,fond,GSL,800,fond
food,food,GSL,801,food
fool,fool,GSL,802,fool
foot,foot,GSL,803,foot
for,for,GSL,804,for
forbid,forbid,GSL,805,forbid
force,force,GSL,806,force
foreign,foreign,GSL,807,foreign
forest,forest,GSL,808,forest
forget,forget,GSL,809,forget
forgive,forgive,GSL,810,forgive
fork,fork,GSL,811,fork
form,form,GSL,812,form
formal,formal,GSL,813,formal
former,former,GSL,814,former
forth,forth,GSL,815,forth
fortunate,fortunate,GSL,816,fortunate
fortune,fortune,GSL,817,fortune
forward,forward,GSL,818,forward
frame,frame,GSL,819,frame
framework,framework,GSL,820,framework
free,free,GSL,821,free
freedom,freedom,GSL,822,freedom
freeze,freeze,GSL,823,freeze
frequency,frequency,GSL,824,frequency
frequent,frequent,GSL,825,frequent
fresh,fresh,GSL,826,fresh
friend,friend,GSL,827,friend
friendly,friendly,GSL,828,friendly
friendship,friendship,GSL,829,friendship
fright,fright,GSL,830,fright
frighten,frighten,GSL,831,frighten
from,from,GSL,832,from
front,front,GSL,833,front
fruit,fruit,GSL,834,fruit
fry,fry,GSL,835,fry
full,full,GSL,836,full
fun,fun,GSL,837,fun
funeral,funeral,GSL,838,funeral
funny,funny,GSL,839,funny
fur,fur,GSL,840,fur
furnish,furnish,GSL,841,furnish
furniture,furniture,GSL,842,furniture
further,further,GSL,843,further
future,future,GSL,844,future
gaiety,gaiety,GSL,845,gaiety
gain,gain,GSL,846,gain
gallon,gallon,GSL,847,gallon
game,game,GSL,848,game
gap,gap,GSL,849,gap
garage,garage,GSL,850,garage
garden,garden,GSL,851,garden
gas,gas,GSL,852,gas
gate,gate,GSL,853,gate
gather,gather,GSL,854,gather
gay,gay,GSL,855,gay
general,general,GSL,856,general
generous,generous,GSL,857,generous
gentle,gentle,GSL,858,gentle
gentleman,gentleman,GSL,859,gentleman
get,get,GSL,860,get
gift,gift,GSL,861,gift
girl,girl,GSL,862,girl
give,give,GSL,863,give
glad,glad,GSL,864,glad
glass,glass,GSL,865,glass
glory,glory,GSL,866,glory
go,go,GSL,867,go
goat,goat,GSL,868,goat
god,god,GSL,869,god
gold,gold,GSL,870,gold
golden,golden,GSL,871,golden
good,good,GSL,872,good
govern,govern,GSL,873,govern
governor,governor,GSL,874,governor
grace,grace,GSL,875,grace
gradual,gradual,GSL,876,gradual
grain,grain,GSL,877,grain
grammar,grammar,GSL,878,grammar
grammatical,grammatical,GSL,879,grammatical
grand,grand,GSL,880,grand
grass,grass,GSL,881,grass
grateful,grateful,GSL,882,grateful
grave,grave,GSL,883,grave
gray,gray,GSL,884,gray
grease,grease,GSL,885,grease
great,great,GSL,886,great
greed,greed,GSL,887,greed
green,green,GSL,888,green
greet,greet,GSL,889,greet
grind,grind,GSL,890,grind
ground,ground,GSL,891,ground
group,group,GSL,892,group
grow,grow,GSL,893,grow
growth,growth,GSL,894,growth
guard,guard,GSL,895,guard
guess,guess,GSL,896,guess
guest,guest,GSL,897,guest
guide,guide,GSL,898,guide
guilt,guilt,GSL,899,guilt
gun,gun,GSL,900,gun
habit,habit,GSL,901,habit
hair,hair,GSL,902,hair
half,half,GSL,903,half
hall,hall,GSL,904,hall
hammer,hammer,GSL,905,hammer
hand,hand,GSL,906,hand
handkerchief,handkerchief,GSL,907,handkerchief
handle,handle,GSL,908,handle
handshake,handshake,GSL,909,handshake
handwriting,handwriting,GSL,910,handwriting
hang,hang,GSL,911,hang
happen,happen,GSL,912,happen
happy,happy,GSL,913,happy
harbor,harbor,GSL,914,harbor
hard,hard,GSL,915,hard
harden,harden,GSL,916,harden
hardly,hardly,GSL,917,hardly
harm,harm,GSL,918,harm
harvest,harvest,GSL,919,harvest
haste,haste,GSL,920,haste
hasten,hasten,GSL,921,hasten
hat,hat,GSL,922,hat
hate,hate,GSL,923,hate
hatred,hatred,GSL,924,hatred
have,have,GSL,925,have
hay,hay,GSL,926,hay
he,he,GSL,927,he
head,head,GSL,928,head
headache,headache,GSL,929,headache
headdress,headdress,GSL,930,headdress
heal,heal,GSL,931,heal
health,health,GSL,932,health
heap,heap,GSL,933,heap
hear,hear,GSL,934,hear
heart,heart,GSL,935,heart
heat,heat,GSL,936,heat
heaven,heaven,GSL,937,heaven
heavenly,heavenly,GSL,938,heavenly
heavy,heavy,GSL,939,heavy
height,height,GSL,940,height
heighten,heighten,GSL,941,heighten
hello,hello,GSL,942,hello
help,help,GSL,943,help
here,here,GSL,944,here
hesitate,hesitate,GSL,945,hesitate
hesitation,hesitation,GSL,946,hesitation
hide,hide,GSL,947,hide
high,high,GSL,948,high
highway,highway,GSL,949,highway
hill,hill,GSL,950,hill
hinder,hinder,GSL,951,hinder
hindrance,hindrance,GSL,952,hindrance
hire,hire,GSL,953,hire
history,history,GSL,954,history
hit,hit,GSL,955,hit
hold,hold,GSL,956,hold
hole,hole,GSL,957,hole
holiday,holiday,GSL,958,holiday
hollow,hollow,GSL,959,hollow
holy,holy,GSL,960,holy
home,home,GSL,961,home
homecoming,homecoming,GSL,962,homecoming
homemade,homemade,GSL,963,homemade
homework,homework,GSL,964,homework
honest,honest,GSL,965,honest
honesty,honesty,GSL,966,honesty
honor,honor,GSL,967,honor
hook,hook,GSL,968,hook
hope,hope,GSL,969,hope
horizon,horizon,GSL,970,horizon
horizontal,horizontal,GSL,971,horizontal
horse,horse,GSL,972,horse
hospital,hospital,GSL,973,hospital
host,host,GSL,974,host
hot,hot,GSL,975,hot
hotel,hotel,GSL,976,hotel
hour,hour,GSL,977,hour
house,house,GSL,978,house
how,how,GSL,979,how
however,however,GSL,980,however
human,human,GSL,981,human
humble,humble,GSL,982,humble
hunger,hunger,GSL,983,hunger
hunt,hunt,GSL,984,hunt
hurrah,hurrah,GSL,985,hurrah
hurry,hurry,GSL,986,hurry
hurt,hurt,GSL,987,hurt
husband,husband,GSL,988,husband
hut,hut,GSL,989,hut
i,i,GSL,990,i
ice,ice,GSL,991,ice
idea,idea,GSL,992,idea
ideal,ideal,GSL,993,ideal
idle,idle,GSL,994,idle
if,if,GSL,995,if
ill,ill,GSL,996,ill
imaginary,imaginary,GSL,997,imaginary
imaginative,imaginative,GSL,998,imaginative
imagine,imagine,GSL,999,imagine
imitate,imitate,GSL,1000,imitate
imitation,imitation,GSL,1001,imitation
immediate,immediate,GSL,1002,immediate
immense,immense,GSL,1003,immense
importance,importance,GSL,1004,importance
important,important,GSL,1005,important
impossible,impossible,GSL,1006,impossible
improve,improve,GSL,1007,improve
in,in,GSL,1008,in
inch,inch,GSL,1009,inch
include,include,GSL,1010,include
inclusive,inclusive,GSL,1011,inclusive
increase,increase,GSL,1012,increase
indeed,indeed,GSL,1013,indeed
indoor,indoor,GSL,1014,indoor
industry,industry,GSL,1015,industry
influence,influence,GSL,1016,influence
influential,influential,GSL,1017,influential
inform,inform,GSL,1018,inform
ink,ink,GSL,1019,ink
inn,inn,GSL,1020,inn
inquire,inquire,GSL,1021,inquire
inquiry,inquiry,GSL,1022,inquiry
insect,insect,GSL,1023,insect
inside,inside,GSL,1024,inside
instant,instant,GSL,1025,instant
instead,instead,GSL,1026,instead
instrument,instrument,GSL,1027,instrument
insult,insult,GSL,1028,insult
insurance,insurance,GSL,1029,insurance
insure,insure,GSL,1030,insure
intend,intend,GSL,1031,intend
intention,intention,GSL,1032,intention
interest,interest,GSL,1033,interest
interfere,interfere,GSL,1034,interfere
interference,interference,GSL,1035,interference
international,international,GSL,1036,international
interrupt,interrupt,GSL,1037,interrupt
interruption,interruption,GSL,1038,interruption
into,into,GSL,1039,into
introduce,introduce,GSL,1040,introduce
introduction,introduction,GSL,1041,introduction
invent,invent,GSL,1042,invent
invention,invention,GSL,1043,invention
inventor,inventor,GSL,1044,inventor
invite,invite,GSL,1045,invite
inward,inward,GSL,1046,inward
iron,iron,GSL,1047,iron
island,island,GSL,1048,island
it,it,GSL,1049,it
jaw,jaw,GSL,1050,jaw
jealous,jealous,GSL,1051,jealous
jealousy,jealousy,GSL,1052,jealousy
jewel,jewel,GSL,1053,jewel
join,join,GSL,1054,join
joint,joint,GSL,1055,joint
joke,joke,GSL,1056,joke
journey,journey,GSL,1057,journey
joy,joy,GSL,1058,joy
judge,judge,GSL,1059,judge
juice,juice,GSL,1060,juice
jump,jump,GSL,1061,jump
just,just,GSL,1062,just
justice,justice,GSL,1063,justice
keep,keep,GSL,1064,keep
key,key,GSL,1065,key
kick,kick,GSL,1066,kick
kill,kill,GSL,1067,kill
kind,kind,GSL,1068,kind
king,king,GSL,1069,king
kingdom,kingdom,GSL,1070,kingdom
kiss,kiss,GSL,1071,kiss
kitchen,kitchen,GSL,1072,kitchen
knee,knee,GSL,1073,knee
kneel,kneel,GSL,1074,kneel
knife,knife,GSL,1075,knife
knock,knock,GSL,1076,knock
knot,knot,GSL,1077,knot
know,know,GSL,1078,know
knowledge,knowledge,GSL,1079,knowledge
lack,lack,GSL,1080,lack
ladder,ladder,GSL,1081,ladder
lady,lady,GSL,1082,lady
lake,lake,GSL,1083,lake
lamp,lamp,GSL,1084,lamp
land,land,GSL,1085,land
landlord,landlord,GSL,1086,landlord
language,language,GSL,1087,language
large,large,GSL,1088,large
last,last,GSL,1089,last
late,late,GSL,1090,late
lately,lately,GSL,1091,lately
latter,latter,GSL,1092,latter
laugh,laugh,GSL,1093,laugh
laughter,laughter,GSL,1094,laughter
law,law,GSL,1095,law
lawyer,lawyer,GSL,1096,lawyer
lay,lay,GSL,1097,lay
lazy,lazy,GSL,1098,lazy
lead,lead,GSL,1099,lead
leadership,leadership,GSL,1100,leadership
leaf,leaf,GSL,1101,leaf
lean,lean,GSL,1102,lean
learn,learn,GSL,1103,learn
least,least,GSL,1104,least
leather,leather,GSL,1105,leather
leave,leave,GSL,1106,leave
left,left,GSL,1107,left
leg,leg,GSL,1108,leg
lend,lend,GSL,1109,lend
length,length,GSL,1110,length
lengthen,lengthen,GSL,1111,lengthen
less,less,GSL,1112,less
lessen,lessen,GSL,1113,lessen
lesson,lesson,GSL,1114,lesson
let,let,GSL,1115,let
letter,letter,GSL,1116,letter
level,level,GSL,1117,level
liar,liar,GSL,1118,liar
liberty,liberty,GSL,1119,liberty
librarian,librarian,GSL,1120,librarian
library,library,GSL,1121,library
lid,lid,GSL,1122,lid
lie,lie,GSL,1123,lie
life,life,GSL,1124,life
lift,lift,GSL,1125,lift
light,light,GSL,1126,light
lighten,lighten,GSL,1127,lighten
like,like,GSL,1128,like
likely,likely,GSL,1129,likely
limb,limb,GSL,1130,limb
limit,limit,GSL,1131,limit
line,line,GSL,1132,line
lip,lip,GSL,1133,lip
lipstick,lipstick,GSL,1134,lipstick
liquid,liquid,GSL,1135,liquid
list,list,GSL,1136,list
listen,listen,GSL,1137,listen
literary,literary,GSL,1138,literary
literature,literature,GSL,1139,literature
little,little,GSL,1140,little
live,live,GSL,1141,live
load,load,GSL,1142,load
loaf,loaf,GSL,1143,loaf
loan,loan,GSL,1144,loan
local,local,GSL,1145,local
lock,lock,GSL,1146,lock
lodge,lodge,GSL,1147,lodge
log,log,GSL,1148,log
lonely,lonely,GSL,1149,lonely
long,long,GSL,1150,long
look,look,GSL,1151,look
loose,loose,GSL,1152,loose
loosen,loosen,GSL,1153,loosen
lord,lord,GSL,1154,lord
lose,lose,GSL,1155,lose
loss,loss,GSL,1156,loss
lot,lot,GSL,1157,lot
loud,loud,GSL,1158,loud
love,love,GSL,1159,love
lovely,lovely,GSL,1160,lovely
low,low,GSL,1161,low
loyal,loyal,GSL,1162,loyal
loyalty,loyalty,GSL,1163,loyalty
luck,luck,GSL,1164,luck
lump,lump,GSL,1165,lump
lunch,lunch,GSL,1166,lunch
lung,lung,GSL,1167,lung
machine,machine,GSL,1168,machine
machinery,machinery,GSL,1169,machinery
mad,mad,GSL,1170,mad
madden,madden,GSL,1171,madden
mail,mail,GSL,1172,mail
main,main,GSL,1173,main
make,make,GSL,1174,make
male,male,GSL,1175,male
man,man,GSL,1176,man
manage,manage,GSL,1177,manage
mankind,mankind,GSL,1178,mankind
manner,manner,GSL,1179,manner
manufacture,manufacture,GSL,1180,manufacture
many,many,GSL,1181,many
map,map,GSL,1182,map
march,march,GSL,1183,march
mark,mark,GSL,1184,mark
market,market,GSL,1185,market
marriage,marriage,GSL,1186,marriage
marry,marry,GSL,1187,marry
mass,mass,GSL,1188,mass
master,master,GSL,1189,master
mat,mat,GSL,1190,mat
match,match,GSL,1191,match
material,material,GSL,1192,material
matter,matter,GSL,1193,matter
may,may,GSL,1194,may
maybe,maybe,GSL,1195,maybe
meal,meal,GSL,1196,meal
mean,mean,GSL,1197,mean
meantime,meantime,GSL,1198,meantime
meanwhile,meanwhile,GSL,1199,meanwhile
measure,measure,GSL,1200,measure
meat,meat,GSL,1201,meat
mechanic,mechanic,GSL,1202,mechanic
mechanism,mechanism,GSL,1203,mechanism
medical,medical,GSL,1204,medical
medicine,medicine,GSL,1205,medicine
meet,meet,GSL,1206,meet
melt,melt,GSL,1207,melt
member,member,GSL,1208,member
membership,membership,GSL,1209,membership
memory,memory,GSL,1210,memory
mend,mend,GSL,1211,mend
mention,mention,GSL,1212,mention
merchant,merchant,GSL,1213,merchant
mercy,mercy,GSL,1214,mercy
mere,mere,GSL,1215,mere
merry,merry,GSL,1216,merry
message,message,GSL,1217,message
messenger,messenger,GSL,1218,messenger
metal,metal,GSL,1219,metal
middle,middle,GSL,1220,middle
might,might,GSL,1221,might
mild,mild,GSL,1222,mild
mile,mile,GSL,1223,mile
milk,milk,GSL,1224,milk
mill,mill,GSL,1225,mill
mind,mind,GSL,1226,mind
mine,mine,GSL,1227,mine
mineral,mineral,GSL,1228,mineral
minister,minister,GSL,1229,minister
minute,minute,GSL,1230,minute
miserable,miserable,GSL,1231,miserable
misery,misery,GSL,1232,misery
miss,miss,GSL,1233,miss
mistake,mistake,GSL,1234,mistake
mix,mix,GSL,1235,mix
mixture,mixture,GSL,1236,mixture
model,model,GSL,1237,model
moderate,moderate,GSL,1238,moderate
moderation,moderation,GSL,1239,moderation
modern,modern,GSL,1240,modern
modest,modest,GSL,1241,modest
modesty,modesty,GSL,1242,modesty
moment,moment,GSL,1243,moment
momentary,momentary,GSL,1244,momentary
money,money,GSL,1245,money
monkey,monkey,GSL,1246,monkey
month,month,GSL,1247,month
moon,moon,GSL,1248,moon
moonlight,moonlight,GSL,1249,moonlight
moral,moral,GSL,1250,moral
more,more,GSL,1251,more
moreover,moreover,GSL,1252,moreover
morning,morning,GSL,1253,morning
most,most,GSL,1254,most
mother,mother,GSL,1255,mother
motherhood,motherhood,GSL,1256,motherhood
motherly,motherly,GSL,1257,motherly
motion,motion,GSL,1258,motion
motor,motor,GSL,1259,motor
mountain,mountain,GSL,1260,mountain
mouse,mouse,GSL,1261,mouse
mouth,mouth,GSL,1262,mouth
move,move,GSL,1263,move
much,much,GSL,1264,much
mud,mud,GSL,1265,mud
multiplication,multiplication,GSL,1266,multiplication
multiply,multiply,GSL,1267,multiply
murder,murder,GSL,1268,murder
music,music,GSL,1269,music
musician,musician,GSL,1270,musician
must,must,GSL,1271,must
mystery,mystery,GSL,1272,mystery
nail,nail,GSL,1273,nail
name,name,GSL,1274,name
narrow,narrow,GSL,1275,narrow
nation,nation,GSL,1276,nation
native,native,GSL,1277,native
nature,nature,GSL,1278,nature
near,near,GSL,1279,near
neat,neat,GSL,1280,neat
necessary,necessary,GSL,1281,necessary
necessity,necessity,GSL,1282,necessity
neck,neck,GSL,1283,neck
need,need,GSL,1284,need
needle,needle,GSL,1285,needle
neglect,neglect,GSL,1286,neglect
neighbor,neighbor,GSL,1287,neighbor
neighborhood,neighborhood,GSL,1288,neighborhood
neither,neither,GSL,1289,neither
nephew,nephew,GSL,1290,nephew
nest,nest,GSL,1291,nest
net,net,GSL,1292,net
network,network,GSL,1293,network
never,never,GSL,1294,never
new,new,GSL,1295,new
news,news,GSL,1296,news
newspaper,newspaper,GSL,1297,newspaper
next,next,GSL,1298,next
nice,nice,GSL,1299,nice
niece,niece,GSL,1300,niece
night,night,GSL,1301,night
no,no,GSL,1302,no
noble,noble,GSL,1303,noble
nobody,nobody,GSL,1304,nobody
noise,noise,GSL,1305,noise
none,none,GSL,1306,none
noon,noon,GSL,1307,noon
nor,nor,GSL,1308,nor
north,north,GSL,1309,north
northern,northern,GSL,1310,northern
nose,nose,GSL,1311,nose
not,not,GSL,1312,not
note,note,GSL,1313,note
notebook,notebook,GSL,1314,notebook
nothing,nothing,GSL,1315,nothing
notice,notice,GSL,1316,notice
noun,noun,GSL,1317,noun
now,now,GSL,1318,now
nowadays,nowadays,GSL,1319,nowadays
nowhere,nowhere,GSL,1320,nowhere
nuisance,nuisance,GSL,1321,nuisance
number,number,GSL,1322,number
numerous,numerous,GSL,1323,numerous
nurse,nurse,GSL,1324,nurse
nursery,nursery,GSL,1325,nursery
nut,nut,GSL,1326,nut
oar,oar,GSL,1327,oar
obedience,obedience,GSL,1328,obedience
obedient,obedient,GSL,1329,obedient
obey,obey,GSL,1330,obey
object,object,GSL,1331,object
objection,objection,GSL,1332,objection
observe,observe,GSL,1333,observe
occasion,occasion,GSL,1334,occasion
ocean,ocean,GSL,1335,ocean
of,of,GSL,1336,of
off,off,GSL,1337,off
offend,offend,GSL,1338,offend
offense,offense,GSL,1339,offense
offer,offer,GSL,1340,offer
office,office,GSL,1341,office
officer,officer,GSL,1342,officer
official,official,GSL,1343,official
often,often,GSL,1344,often
oil,oil,GSL,1345,oil
old,old,GSL,1346,old
old-fashioned,old-fashioned,GSL,1347,old-fashioned
omission,omission,GSL,1348,omission
omit,omit,GSL,1349,omit
on,on,GSL,1350,on
once,once,GSL,1351,once
one,one,GSL,1352,one
only,only,GSL,1353,only
onto,onto,GSL,1354,onto
open,open,GSL,1355,open
operate,operate,GSL,1356,operate
operation,operation,GSL,1357,operation
operator,operator,GSL,1358,operator
opinion,opinion,GSL,1359,opinion
opportunity,opportunity,GSL,1360,opportunity
oppose,oppose,GSL,1361,oppose
opposite,opposite,GSL,1362,opposite
opposition,opposition,GSL,1363,opposition
or,or,GSL,1364,or
orange,orange,GSL,1365,orange
order,order,GSL,1366,order
ordinary,ordinary,GSL,1367,ordinary
organ,organ,GSL,1368,organ
organize,organize,GSL,1369,organize
origin,origin,GSL,1370,origin
ornament,ornament,GSL,1371,ornament
other,other,GSL,1372,other
otherwise,otherwise,GSL,1373,otherwise
ought,ought,GSL,1374,ought
ounce,ounce,GSL,1375,ounce
out,out,GSL,1376,out
outline,outline,GSL,1377,outline
outside,outside,GSL,1378,outside
outward,outward,GSL,1379,outward
over,over,GSL,1380,over
overcome,overcome,GSL,1381,overcome
overflow,overflow,GSL,1382,overflow
owe,owe,GSL,1383,owe
own,own,GSL,1384,own
ownership,ownership,GSL,1385,ownership
pack,pack,GSL,1386,pack
package,package,GSL,1387,package
pad,pad,GSL,1388,pad
page,page,GSL,1389,page
pain,pain,GSL,1390,pain
paint,paint,GSL,1391,paint
pair,pair,GSL,1392,pair
pale,pale,GSL,1393,pale
pan,pan,GSL,1394,pan
paper,paper,GSL,1395,paper
parcel,parcel,GSL,1396,parcel
pardon,pardon,GSL,1397,pardon
parent,parent,GSL,1398,parent
park,park,GSL,1399,park
part,part,GSL,1400,part
particle,particle,GSL,1401,particle
particular,particular,GSL,1402,particular
partner,partner,GSL,1403,partner
party,party,GSL,1404,party
pass,pass,GSL,1405,pass
passage,passage,GSL,1406,passage
passenger,passenger,GSL,1407,passenger
past,past,GSL,1408,past
paste,paste,GSL,1409,paste
pastry,pastry,GSL,1410,pastry
path,path,GSL,1411,path
patience,patience,GSL,1412,patience
patient,patient,GSL,1413,patient
patriotic,patriotic,GSL,1414,patriotic
pattern,pattern,GSL,1415,pattern
pause,pause,GSL,1416,pause
paw,paw,GSL,1417,paw
pay,pay,GSL,1418,pay
peace,peace,GSL,1419,peace
pearl,pearl,GSL,1420,pearl
peculiar,peculiar,GSL,1421,peculiar
pen,pen,GSL,1422,pen
pencil,pencil,GSL,1423,pencil
penny,penny,GSL,1424,penny
people,people,GSL,1425,people
per,per,GSL,1426,per
perfect,perfect,GSL,1427,perfect
perfection,perfection,GSL,1428,perfection
perform,perform,GSL,1429,perform
performance,performance,GSL,1430,performance
perhaps,perhaps,GSL,1431,perhaps
permanent,permanent,GSL,1432,permanent
permission,permission,GSL,1433,permission
permit,permit,GSL,1434,permit
person,person,GSL,1435,person
persuade,persuade,GSL,1436,persuade
persuasion,persuasion,GSL,1437,persuasion
pet,pet,GSL,1438,pet
photograph,photograph,GSL,1439,photograph
photography,photography,GSL,1440,photography
pick,pick,GSL,1441,pick
picture,picture,GSL,1442,picture
piece,piece,GSL,1443,piece
pig,pig,GSL,1444,pig
pigeon,pigeon,GSL,1445,pigeon
pile,pile,GSL,1446,pile
pin,pin,GSL,1447,pin
pinch,pinch,GSL,1448,pinch
pink,pink,GSL,1449,pink
pint,pint,GSL,1450,pint
pipe,pipe,GSL,1451,pipe
pity,pity,GSL,1452,pity
place,place,GSL,1453,place
plain,plain,GSL,1454,plain
plan,plan,GSL,1455,plan
plant,plant,GSL,1456,plant
plaster,plaster,GSL,1457,plaster
plate,plate,GSL,1458,plate
play,play,GSL,1459,play
pleasant,pleasant,GSL,1460,pleasant
please,please,GSL,1461,please
pleasure,pleasure,GSL,1462,pleasure
plenty,plenty,GSL,1463,plenty
plow,plow,GSL,1464,plow
plural,plural,GSL,1465,plural
pocket,pocket,GSL,1466,pocket
poem,poem,GSL,1467,poem
poet,poet,GSL,1468,poet
point,point,GSL,1469,point
poison,poison,GSL,1470,poison
police,police,GSL,1471,police
polish,polish,GSL,1472,polish
polite,polite,GSL,1473,polite
political,political,GSL,1474,political
politician,politician,GSL,1475,politician
politics,politics,GSL,1476,politics
pool,pool,GSL,1477,pool
poor,poor,GSL,1478,poor
popular,popular,GSL,1479,popular
population,population,GSL,1480,population
position,position,GSL,1481,position
possess,possess,GSL,1482,possess
possession,possession,GSL,1483,possession
possessor,possessor,GSL,1484,possessor
possible,possible,GSL,1485,possible
post,post,GSL,1486,post
postpone,postpone,GSL,1487,postpone
pot,pot,GSL,1488,pot
pound,pound,GSL,1489,pound
pour,pour,GSL,1490,pour
poverty,poverty,GSL,1491,poverty
powder,powder,GSL,1492,powder
power,power,GSL,1493,power
practical,practical,GSL,1494,practical
practice,practice,GSL,1495,practice
praise,praise,GSL,1496,praise
pray,pray,GSL,1497,pray
preach,preach,GSL,1498,preach
precious,precious,GSL,1499,precious
prefer,prefer,GSL,1500,prefer
preference,preference,GSL,1501,preference
prejudice,prejudice,GSL,1502,prejudice
prepare,prepare,GSL,1503,prepare
presence,presence,GSL,1504,presence
present,present,GSL,1505,present
preserve,preserve,GSL,1506,preserve
president,president,GSL,1507,president
press,press,GSL,1508,press
pressure,pressure,GSL,1509,pressure
pretend,pretend,GSL,1510,pretend
pretense,pretense,GSL,1511,pretense
pretty,pretty,GSL,1512,pretty
prevent,prevent,GSL,1513,prevent
prevention,prevention,GSL,1514,prevention
price,price,GSL,1515,price
pride,pride,GSL,1516,pride
priest,priest,GSL,1517,priest
print,print,GSL,1518,print
prison,prison,GSL,1519,prison
private,private,GSL,1520,private
prize,prize,GSL,1521,prize
probable,probable,GSL,1522,probable
problem,problem,GSL,1523,problem
procession,procession,GSL,1524,procession
produce,produce,GSL,1525,produce
product,product,GSL,1526,product
production,production,GSL,1527,production
profession,profession,GSL,1528,profession
profit,profit,GSL,1529,profit
program,program,GSL,1530,program
progress,progress,GSL,1531,progress
promise,promise,GSL,1532,promise
prompt,prompt,GSL,1533,prompt
pronounce,pronounce,GSL,1534,pronounce
pronunciation,pronunciation,GSL,1535,pronunciation
proof,proof,GSL,1536,proof
proper,proper,GSL,1537,proper
property,property,GSL,1538,property
proposal,proposal,GSL,1539,proposal
propose,propose,GSL,1540,propose
protect,protect,GSL,1541,protect
protection,protection,GSL,1542,protection
proud,proud,GSL,1543,proud
prove,prove,GSL,1544,prove
provide,provide,GSL,1545,provide
public,public,GSL,1546,public
pull,pull,GSL,1547,pull
pump,pump,GSL,1548,pump
punctual,punctual,GSL,1549,punctual
punish,punish,GSL,1550,punish
pupil,pupil,GSL,1551,pupil
pure,pure,GSL,1552,pure
purple,purple,GSL,1553,purple
purpose,purpose,GSL,1554,purpose
push,push,GSL,1555,push
put,put,GSL,1556,put
puzzle,puzzle,GSL,1557,puzzle
qualification,qualification,GSL,1558,qualification
qualify,qualify,GSL,1559,qualify
quality,quality,GSL,1560,quality
quantity,quantity,GSL,1561,quantity
quarrel,quarrel,GSL,1562,quarrel
quart,quart,GSL,1563,quart
quarter,quarter,GSL,1564,quarter
queen,queen,GSL,1565,queen
question,question,GSL,1566,question
quick,quick,GSL,1567,quick
quiet,quiet,GSL,1568,quiet
quite,quite,GSL,1569,quite
rabbit,rabbit,GSL,1570,rabbit
race,race,GSL,1571,race
radio,radio,GSL,1572,radio
rail,rail,GSL,1573,rail
railroad,railroad,GSL,1574,railroad
rain,rain,GSL,1575,rain
raise,raise,GSL,1576,raise
rake,rake,GSL,1577,rake
rank,rank,GSL,1578,rank
rapid,rapid,GSL,1579,rapid
rare,rare,GSL,1580,rare
rate,rate,GSL,1581,rate
rather,rather,GSL,1582,rather
raw,raw,GSL,1583,raw
ray,ray,GSL,1584,ray
razor,razor,GSL,1585,razor
reach,reach,GSL,1586,reach
read,read,GSL,1587,read
ready,ready,GSL,1588,ready
real,real,GSL,1589,real
realize,realize,GSL,1590,realize
reason,reason,GSL,1591,reason
reasonable,reasonable,GSL,1592,reasonable
receipt,receipt,GSL,1593,receipt
receive,receive,GSL,1594,receive
recent,recent,GSL,1595,recent
recognition,recognition,GSL,1596,recognition
recognize,recognize,GSL,1597,recognize
recommend,recommend,GSL,1598,recommend
record,record,GSL,1599,record
red,red,GSL,1600,red
redden,redden,GSL,1601,redden
reduce,reduce,GSL,1602,reduce
reduction,reduction,GSL,1603,reduction
refer,refer,GSL,1604,refer
reference,reference,GSL,1605,reference
reflect,reflect,GSL,1606,reflect
reflection,reflection,GSL,1607,reflection
refresh,refresh,GSL,1608,refresh
refuse,refuse,GSL,1609,refuse
regard,regard,GSL,1610,regard
regret,regret,GSL,1611,regret
regular,regular,GSL,1612,regular
rejoice,rejoice,GSL,1613,rejoice
relate,relate,GSL,1614,relate
relation,relation,GSL,1615,relation
relative,relative,GSL,1616,relative
relief,relief,GSL,1617,relief
relieve,relieve,GSL,1618,relieve
religion,religion,GSL,1619,religion
remain,remain,GSL,1620,remain
remark,remark,GSL,1621,remark
remedy,remedy,GSL,1622,remedy
remember,remember,GSL,1623,remember
remind,remind,GSL,1624,remind
rent,rent,GSL,1625,rent
repair,repair,GSL,1626,repair
repeat,repeat,GSL,1627,repeat
repetition,repetition,GSL,1628,repetition
replace,replace,GSL,1629,replace
reply,reply,GSL,1630,reply
report,report,GSL,1631,report
represent,represent,GSL,1632,represent
representative,representative,GSL,1633,representative
reproduce,reproduce,GSL,1634,reproduce
reproduction,reproduction,GSL,1635,reproduction
republic,republic,GSL,1636,republic
reputation,reputation,GSL,1637,reputation
request,request,GSL,1638,request
rescue,rescue,GSL,1639,rescue
reserve,reserve,GSL,1640,reserve
resign,resign,GSL,1641,resign
resist,resist,GSL,1642,resist
resistance,resistance,GSL,1643,resistance
respect,respect,GSL,1644,respect
responsible,responsible,GSL,1645,responsible
rest,rest,GSL,1646,rest
restaurant,restaurant,GSL,1647,restaurant
result,result,GSL,1648,result
retire,retire,GSL,1649,retire
return,return,GSL,1650,return
revenge,revenge,GSL,1651,revenge
review,review,GSL,1652,review
reward,reward,GSL,1653,reward
ribbon,ribbon,GSL,1654,ribbon
rice,rice,GSL,1655,rice
rich,rich,GSL,1656,rich
rid,rid,GSL,1657,rid
ride,ride,GSL,1658,ride
right,right,GSL,1659,right
ring,ring,GSL,1660,ring
ripe,ripe,GSL,1661,ripe
ripen,ripen,GSL,1662,ripen
rise,rise,GSL,1663,rise
risk,risk,GSL,1664,risk
rival,rival,GSL,1665,rival
rivalry,rivalry,GSL,1666,rivalry
river,river,GSL,1667,river
road,road,GSL,1668,road
roar,roar,GSL,1669,roar
roast,roast,GSL,1670,roast
rob,rob,GSL,1671,rob
robbery,robbery,GSL,1672,robbery
rock,rock,GSL,1673,rock
rod,rod,GSL,1674,rod
roll,roll,GSL,1675,roll
roof,roof,GSL,1676,roof
room,room,GSL,1677,room
root,root,GSL,1678,root
rope,rope,GSL,1679,rope
rot,rot,GSL,1680,rot
rotten,rotten,GSL,1681,rotten
rough,rough,GSL,1682,rough
round,round,GSL,1683,round
row,row,GSL,1684,row
royal,royal,GSL,1685,royal
royalty,royalty,GSL,1686,royalty
rub,rub,GSL,1687,rub
rubber,rubber,GSL,1688,rubber
rubbish,rubbish,GSL,1689,rubbish
rude,rude,GSL,1690,rude
rug,rug,GSL,1691,rug
ruin,ruin,GSL,1692,ruin
rule,rule,GSL,1693,rule
run,run,GSL,1694,run
rush,rush,GSL,1695,rush
rust,rust,GSL,1696,rust
sacred,sacred,GSL,1697,sacred
sacrifice,sacrifice,GSL,1698,sacrifice
sad,sad,GSL,1699,sad
sadden,sadden,GSL,1700,sadden
saddle,saddle,GSL,1701,saddle
safe,safe,GSL,1702,safe
safety,safety,GSL,1703,safety
sail,sail,GSL,1704,sail
sailor,sailor,GSL,1705,sailor
sake,sake,GSL,1706,sake
salary,salary,GSL,1707,salary
sale,sale,GSL,1708,sale
salesman,salesman,GSL,1709,salesman
salt,salt,GSL,1710,salt
same,same,GSL,1711,same
sample,sample,GSL,1712,sample
sand,sand,GSL,1713,sand
satisfaction,satisfaction,GSL,1714,satisfaction
satisfactory,satisfactory,GSL,1715,satisfactory
satisfy,satisfy,GSL,1716,satisfy
sauce,sauce,GSL,1717,sauce
saucer,saucer,GSL,1718,saucer
save,save,GSL,1719,save
saw,saw,GSL,1720,saw
say,say,GSL,1721,say
scale,scale,GSL,1722,scale
scarce,scarce,GSL,1723,scarce
scatter,scatter,GSL,1724,scatter
scene,scene,GSL,1725,scene
scenery,scenery,GSL,1726,scenery
scent,scent,GSL,1727,scent
school,school,GSL,1728,school
science,science,GSL,1729,science
scientific,scientific,GSL,1730,scientific
scientist,scientist,GSL,1731,scientist
scissors,scissors,GSL,1732,scissors
scold,scold,GSL,1733,scold
scorn,scorn,GSL,1734,scorn
scrape,scrape,GSL,1735,scrape
scratch,scratch,GSL,1736,scratch
screen,screen,GSL,1737,screen
screw,screw,GSL,1738,screw
sea,sea,GSL,1739,sea
search,search,GSL,1740,search
season,season,GSL,1741,season
seat,seat,GSL,1742,seat
second,second,GSL,1743,second
secrecy,secrecy,GSL,1744,secrecy
secret,secret,GSL,1745,secret
secretary,secretary,GSL,1746,secretary
see,see,GSL,1747,see
seed,seed,GSL,1748,seed
seem,seem,GSL,1749,seem
seize,seize,GSL,1750,seize
seldom,seldom,GSL,1751,seldom
self,self,GSL,1752,self
selfish,selfish,GSL,1753,selfish
sell,sell,GSL,1754,sell
send,send,GSL,1755,send
sense,sense,GSL,1756,sense
sensitive,sensitive,GSL,1757,sensitive
sentence,sentence,GSL,1758,sentence
separate,separate,GSL,1759,separate
separation,separation,GSL,1760,separation
serious,serious,GSL,1761,serious
servant,servant,GSL,1762,servant
serve,serve,GSL,1763,serve
service,service,GSL,1764,service
set,set,GSL,1765,set
settle,settle,GSL,1766,settle
several,several,GSL,1767,several
severe,severe,GSL,1768,severe
sew,sew,GSL,1769,sew
shade,shade,GSL,1770,shade
shadow,shadow,GSL,1771,shadow
shake,shake,GSL,1772,shake
shall,shall,GSL,1773,shall
shallow,shallow,GSL,1774,shallow
shame,shame,GSL,1775,shame
shape,shape,GSL,1776,shape
share,share,GSL,1777,share
sharp,sharp,GSL,1778,sharp
sharpen,sharpen,GSL,1779,sharpen
shave,shave,GSL,1780,shave
she,she,GSL,1781,she
sheep,sheep,GSL,1782,sheep
sheet,sheet,GSL,1783,sheet
shelf,shelf,GSL,1784,shelf
shell,shell,GSL,1785,shell
shelter,shelter,GSL,1786,shelter
shield,shield,GSL,1787,shield
shilling,shilling,GSL,1788,shilling
shine,shine,GSL,1789,shine
ship,ship,GSL,1790,ship
shirt,shirt,GSL,1791,shirt
shock,shock,GSL,1792,shock
shoe,shoe,GSL,1793,shoe
shoot,shoot,GSL,1794,shoot
shop,shop,GSL,1795,shop
shore,shore,GSL,1796,shore
short,short,GSL,1797,short
shorten,shorten,GSL,1798,shorten
should,should,GSL,1799,should
shoulder,shoulder,GSL,1800,shoulder
shout,shout,GSL,1801,shout
show,show,GSL,1802,show
shower,shower,GSL,1803,shower
shut,shut,GSL,1804,shut
sick,sick,GSL,1805,sick
side,side,GSL,1806,side
sight,sight,GSL,1807,sight
sign,sign,GSL,1808,sign
signal,signal,GSL,1809,signal
signature,signature,GSL,1810,signature
silence,silence,GSL,1811,silence
silent,silent,GSL,1812,silent
silk,silk,GSL,1813,silk
silver,silver,GSL,1814,silver
simple,simple,GSL,1815,simple
simplicity,simplicity,GSL,1816,simplicity
since,since,GSL,1817,since
sincere,sincere,GSL,1818,sincere
sing,sing,GSL,1819,sing
single,single,GSL,1820,single
sink,sink,GSL,1821,sink
sir,sir,GSL,1822,sir
sister,sister,GSL,1823,sister
sit,sit,GSL,1824,sit
situation,situation,GSL,1825,situation
size,size,GSL,1826,size
skill,skill,GSL,1827,skill
skin,skin,GSL,1828,skin
skirt,skirt,GSL,1829,skirt
sky,sky,GSL,1830,sky
slave,slave,GSL,1831,slave
slavery,slavery,GSL,1832,slavery
sleep,sleep,GSL,1833,sleep
slide,slide,GSL,1834,slide
slight,slight,GSL,1835,slight
slip,slip,GSL,1836,slip
slippery,slippery,GSL,1837,slippery
slope,slope,GSL,1838,slope
slow,slow,GSL,1839,slow
small,small,GSL,1840,small
smell,smell,GSL,1841,smell
smile,smile,GSL,1842,smile
smoke,smoke,GSL,1843,smoke
smooth,smooth,GSL,1844,smooth
snake,snake,GSL,1845,snake
snow,snow,GSL,1846,snow
so,so,GSL,1847,so
soap,soap,GSL,1848,soap
social,social,GSL,1849,social
society,society,GSL,1850,society
sock,sock,GSL,1851,sock
soft,soft,GSL,1852,soft
soften,soften,GSL,1853,soften
soil,soil,GSL,1854,soil
soldier,soldier,GSL,1855,soldier
solemn,solemn,GSL,1856,solemn
solid,solid,GSL,1857,solid
solution,solution,GSL,1858,solution
solve,solve,GSL,1859,solve
some,some,GSL,1860,some
somebody,somebody,GSL,1861,somebody
somehow,somehow,GSL,1862,somehow
someone,someone,GSL,1863,someone
something,something,GSL,1864,something
sometime,sometime,GSL,1865,sometime
sometimes,sometimes,GSL,1866,sometimes
somewhere,somewhere,GSL,1867,somewhere
son,son,GSL,1868,son
song,song,GSL,1869,song
soon,soon,GSL,1870,soon
sore,sore,GSL,1871,sore
sorrow,sorrow,GSL,1872,sorrow
sorry,sorry,GSL,1873,sorry
sort,sort,GSL,1874,sort
soul,soul,GSL,1875,soul
sound,sound,GSL,1876,sound
soup,soup,GSL,1877,soup
sour,sour,GSL,1878,sour
south,south,GSL,1879,south
sow,sow,GSL,1880,sow
space,space,GSL,1881,space
spade,spade,GSL,1882,spade
spare,spare,GSL,1883,spare
speak,speak,GSL,1884,speak
special,special,GSL,1885,special
speech,speech,GSL,1886,speech
speed,speed,GSL,1887,speed
spell,spell,GSL,1888,spell
spend,spend,GSL,1889,spend
spill,spill,GSL,1890,spill
spin,spin,GSL,1891,spin
spirit,spirit,GSL,1892,spirit
spit,spit,GSL,1893,spit
spite,spite,GSL,1894,spite
splendid,splendid,GSL,1895,splendid
split,split,GSL,1896,split
spoil,spoil,GSL,1897,spoil
spoon,spoon,GSL,1898,spoon
sport,sport,GSL,1899,sport
spot,spot,GSL,1900,spot
spread,spread,GSL,1901,spread
spring,spring,GSL,1902,spring
square,square,GSL,1903,square
staff,staff,GSL,1904,staff
stage,stage,GSL,1905,stage
stain,stain,GSL,1906,stain
stair,stair,GSL,1907,stair
stamp,stamp,GSL,1908,stamp
stand,stand,GSL,1909,stand
standard,standard,GSL,1910,standard
star,star,GSL,1911,star
start,start,GSL,1912,start
state,state,GSL,1913,state
station,station,GSL,1914,station
stay,stay,GSL,1915,stay
steady,steady,GSL,1916,steady
steam,steam,GSL,1917,steam
steel,steel,GSL,1918,steel
steep,steep,GSL,1919,steep
steer,steer,GSL,1920,steer
stem,stem,GSL,1921,stem
step,step,GSL,1922,step
stick,stick,GSL,1923,stick
stiff,stiff,GSL,1924,stiff
stiffen,stiffen,GSL,1925,stiffen
still,still,GSL,1926,still
sting,sting,GSL,1927,sting
stir,stir,GSL,1928,stir
stock,stock,GSL,1929,stock
stocking,stocking,GSL,1930,stocking
stomach,stomach,GSL,1931,stomach
stone,stone,GSL,1932,stone
stop,stop,GSL,1933,stop
store,store,GSL,1934,store
storm,storm,GSL,1935,storm
story,story,GSL,1936,story
stove,stove,GSL,1937,stove
straight,straight,GSL,1938,straight
straighten,straighten,GSL,1939,straighten
strange,strange,GSL,1940,strange
strap,strap,GSL,1941,strap
straw,straw,GSL,1942,straw
stream,stream,GSL,1943,stream
street,street,GSL,1944,street
strength,strength,GSL,1945,strength
strengthen,strengthen,GSL,1946,strengthen
stretch,stretch,GSL,1947,stretch
strict,strict,GSL,1948,strict
strike,strike,GSL,1949,strike
string,string,GSL,1950,string
strip,strip,GSL,1951,strip
stripe,stripe,GSL,1952,stripe
stroke,stroke,GSL,1953,stroke
strong,strong,GSL,1954,strong
struggle,struggle,GSL,1955,struggle
student,student,GSL,1956,student
study,study,GSL,1957,study
stuff,stuff,GSL,1958,stuff
stupid,stupid,GSL,1959,stupid
subject,subject,GSL,1960,subject
substance,substance,GSL,1961,substance
succeed,succeed,GSL,1962,succeed
success,success,GSL,1963,success
such,such,GSL,1964,such
suck,suck,GSL,1965,suck
sudden,sudden,GSL,1966,sudden
suffer,suffer,GSL,1967,suffer
sugar,sugar,GSL,1968,sugar
suggest,suggest,GSL,1969,suggest
suggestion,suggestion,GSL,1970,suggestion
suit,suit,GSL,1971,suit
summer,summer,GSL,1972,summer
sun,sun,GSL,1973,sun
supper,supper,GSL,1974,supper
supply,supply,GSL,1975,supply
support,support,GSL,1976,support
suppose,suppose,GSL,1977,suppose
sure,sure,GSL,1978,sure
surface,surface,GSL,1979,surface
surprise,surprise,GSL,1980,surprise
surround,surround,GSL,1981,surround
suspect,suspect,GSL,1982,suspect
suspicion,suspicion,GSL,1983,suspicion
suspicious,suspicious,GSL,1984,suspicious
swallow,swallow,GSL,1985,swallow
swear,swear,GSL,1986,swear
sweat,sweat,GSL,1987,sweat
sweep,sweep,GSL,1988,sweep
sweet,sweet,GSL,1989,sweet
sweeten,sweeten,GSL,1990,sweeten
swell,swell,GSL,1991,swell
swim,swim,GSL,1992,swim
swing,swing,GSL,1993,swing
sword,sword,GSL,1994,sword
sympathetic,sympathetic,GSL,1995,sympathetic
sympathy,sympathy,GSL,1996,sympathy
system,system,GSL,1997,system
table,table,GSL,1998,table
tail,tail,GSL,1999,tail
tailor,tailor,GSL,2000,tailor
take,take,GSL,2001,take
talk,talk,GSL,2002,talk
tall,tall,GSL,2003,tall
tame,tame,GSL,2004,tame
tap,tap,GSL,2005,tap
taste,taste,GSL,2006,taste
tax,tax,GSL,2007,tax
taxi,taxi,GSL,2008,taxi
tea,tea,GSL,2009,tea
teach,teach,GSL,2010,teach
tear,tear,GSL,2011,tear
telegraph,telegraph,GSL,2012,telegraph
telephone,telephone,GSL,2013,telephone
tell,tell,GSL,2014,tell
temper,temper,GSL,2015,temper
temperature,temperature,GSL,2016,temperature
temple,temple,GSL,2017,temple
tempt,tempt,GSL,2018,tempt
tend,tend,GSL,2019,tend
tender,tender,GSL,2020,tender
tent,tent,GSL,2021,tent
term,term,GSL,2022,term
terrible,terrible,GSL,2023,terrible
test,test,GSL,2024,test
than,than,GSL,2025,than
thank,thank,GSL,2026,thank
that,that,GSL,2027,that
the,the,GSL,2028,the
theater,theater,GSL,2029,theater
theatrical,theatrical,GSL,2030,theatrical
then,then,GSL,2031,then
there,there,GSL,2032,there
therefore,therefore,GSL,2033,therefore
these,these,GSL,2034,these
they,they,GSL,2035,they
thick,thick,GSL,2036,thick
thicken,thicken,GSL,2037,thicken
thief,thief,GSL,2038,thief
thin,thin,GSL,2039,thin
thing,thing,GSL,2040,thing
think,think,GSL,2041,think
thirst,thirst,GSL,2042,thirst
this,this,GSL,2043,this
thorn,thorn,GSL,2044,thorn
thorough,thorough,GSL,2045,thorough
those,those,GSL,2046,those
though,though,GSL,2047,though
thread,thread,GSL,2048,thread
threat,threat,GSL,2049,threat
threaten,threaten,GSL,2050,threaten
throat,throat,GSL,2051,throat
through,through,GSL,2052,through
throw,throw,GSL,2053,throw
thumb,thumb,GSL,2054,thumb
thunder,thunder,GSL,2055,thunder
thus,thus,GSL,2056,thus
ticket,ticket,GSL,2057,ticket
tide,tide,GSL,2058,tide
tidy,tidy,GSL,2059,tidy
tie,tie,GSL,2060,tie
tight,tight,GSL,2061,tight
tighten,tighten,GSL,2062,tighten
till,till,GSL,2063,till
time,time,GSL,2064,time
tin,tin,GSL,2065,tin
tip,tip,GSL,2066,tip
tire,tire,GSL,2067,tire
title,title,GSL,2068,title
to,to,GSL,2069,to
tobacco,tobacco,GSL,2070,tobacco
today,today,GSL,2071,today
toe,toe,GSL,2072,toe
together,together,GSL,2073,together
tomorrow,tomorrow,GSL,2074,tomorrow
ton,ton,GSL,2075,ton
tongue,tongue,GSL,2076,tongue
tonight,tonight,GSL,2077,tonight
too,too,GSL,2078,too
tool,tool,GSL,2079,tool
tooth,tooth,GSL,2080,tooth
top,top,GSL,2081,top
total,total,GSL,2082,total
touch,touch,GSL,2083,touch
tough,tough,GSL,2084,tough
tour,tour,GSL,2085,tour
toward,toward,GSL,2086,toward
towel,towel,GSL,2087,towel
tower,tower,GSL,2088,tower
town,town,GSL,2089,town
toy,toy,GSL,2090,toy
track,track,GSL,2091,track
trade,trade,GSL,2092,trade
train,train,GSL,2093,train
translate,translate,GSL,2094,translate
translation,translation,GSL,2095,translation
translator,translator,GSL,2096,translator
trap,trap,GSL,2097,trap
travel,travel,GSL,2098,travel
tray,tray,GSL,2099,tray
treasure,treasure,GSL,2100,treasure
treasury,treasury,GSL,2101,treasury
treat,treat,GSL,2102,treat
tree,tree,GSL,2103,tree
tremble,tremble,GSL,2104,tremble
trial,trial,GSL,2105,trial
tribe,tribe,GSL,2106,tribe
trick,trick,GSL,2107,trick
trip,trip,GSL,2108,trip
trouble,trouble,GSL,2109,trouble
TRUE,TRUE,GSL,2110,TRUE
trunk,trunk,GSL,2111,trunk
trust,trust,GSL,2112,trust
truth,truth,GSL,2113,truth
try,try,GSL,2114,try
tube,tube,GSL,2115,tube
tune,tune,GSL,2116,tune
turn,turn,GSL,2117,turn
twist,twist,GSL,2118,twist
type,type,GSL,2119,type
ugly,ugly,GSL,2120,ugly
umbrella,umbrella,GSL,2121,umbrella
uncle,uncle,GSL,2122,uncle
under,under,GSL,2123,under
underneath,underneath,GSL,2124,underneath
understand,understand,GSL,2125,understand
union,union,GSL,2126,union
unit,unit,GSL,2127,unit
unite,unite,GSL,2128,unite
unity,unity,GSL,2129,unity
universal,universal,GSL,2130,universal
universe,universe,GSL,2131,universe
university,university,GSL,2132,university
unless,unless,GSL,2133,unless
until,until,GSL,2134,until
up,up,GSL,2135,up
upon,upon,GSL,2136,upon
upper,upper,GSL,2137,upper
uppermost,uppermost,GSL,2138,uppermost
upright,upright,GSL,2139,upright
upset,upset,GSL,2140,upset
urge,urge,GSL,2141,urge
urgent,urgent,GSL,2142,urgent
use,use,GSL,2143,use
usual,usual,GSL,2144,usual
vain,vain,GSL,2145,vain
valley,valley,GSL,2146,valley
valuable,valuable,GSL,2147,valuable
value,value,GSL,2148,value
variety,variety,GSL,2149,variety
various,various,GSL,2150,various
veil,veil,GSL,2151,veil
verb,verb,GSL,2152,verb
verse,verse,GSL,2153,verse
very,very,GSL,2154,very
vessel,vessel,GSL,2155,vessel
victory,victory,GSL,2156,victory
view,view,GSL,2157,view
village,village,GSL,2158,village
violence,violence,GSL,2159,violence
violent,violent,GSL,2160,violent
virtue,virtue,GSL,2161,virtue
visit,visit,GSL,2162,visit
visitor,visitor,GSL,2163,visitor
voice,voice,GSL,2164,voice
vote,vote,GSL,2165,vote
vowel,vowel,GSL,2166,vowel
voyage,voyage,GSL,2167,voyage
wage,wage,GSL,2168,wage
waist,waist,GSL,2169,waist
wait,wait,GSL,2170,wait
waiter,waiter,GSL,2171,waiter
wake,wake,GSL,2172,wake
walk,walk,GSL,2173,walk
wall,wall,GSL,2174,wall
wander,wander,GSL,2175,wander
want,want,GSL,2176,want
war,war,GSL,2177,war
warm,warm,GSL,2178,warm
warmth,warmth,GSL,2179,warmth
warn,warn,GSL,2180,warn
wash,wash,GSL,2181,wash
waste,waste,GSL,2182,waste
watch,watch,GSL,2183,watch
water,water,GSL,2184,water
wave,wave,GSL,2185,wave
wax,wax,GSL,2186,wax
way,way,GSL,2187,way
we,we,GSL,2188,we
weak,weak,GSL,2189,weak
weaken,weaken,GSL,2190,weaken
wealth,wealth,GSL,2191,wealth
weapon,weapon,GSL,2192,weapon
wear,wear,GSL,2193,wear
weather,weather,GSL,2194,weather
weave,weave,GSL,2195,weave
weed,weed,GSL,2196,weed
week,week,GSL,2197,week
weekday,weekday,GSL,2198,weekday
weekend,weekend,GSL,2199,weekend
weigh,weigh,GSL,2200,weigh
weight,weight,GSL,2201,weight
welcome,welcome,GSL,2202,welcome
well,well,GSL,2203,well
west,west,GSL,2204,west
western,western,GSL,2205,western
wet,wet,GSL,2206,wet
what,what,GSL,2207,what
whatever,whatever,GSL,2208,whatever
wheat,wheat,GSL,2209,wheat
wheel,wheel,GSL,2210,wheel
when,when,GSL,2211,when
whenever,whenever,GSL,2212,whenever
where,where,GSL,2213,where
wherever,wherever,GSL,2214,wherever
whether,whether,GSL,2215,whether
which,which,GSL,2216,which
whichever,whichever,GSL,2217,whichever
while,while,GSL,2218,while
whip,whip,GSL,2219,whip
whisper,whisper,GSL,2220,whisper
whistle,whistle,GSL,2221,whistle
white,white,GSL,2222,white
whiten,whiten,GSL,2223,whiten
who,who,GSL,2224,who
whoever,whoever,GSL,2225,whoever
whole,whole,GSL,2226,whole
whom,whom,GSL,2227,whom
whose,whose,GSL,2228,whose
why,why,GSL,2229,why
wicked,wicked,GSL,2230,wicked
wide,wide,GSL,2231,wide
widen,widen,GSL,2232,widen
widow,widow,GSL,2233,widow
widower,widower,GSL,2234,widower
width,width,GSL,2235,width
wife,wife,GSL,2236,wife
wild,wild,GSL,2237,wild
will,will,GSL,2238,will
win,win,GSL,2239,win
wind,wind,GSL,2240,wind
window,window,GSL,2241,window
wine,wine,GSL,2242,wine
wing,wing,GSL,2243,wing
winter,winter,GSL,2244,winter
wipe,wipe,GSL,2245,wipe
wire,wire,GSL,2246,wire
wisdom,wisdom,GSL,2247,wisdom
wise,wise,GSL,2248,wise
wish,wish,GSL,2249,wish
with,with,GSL,2250,with
within,within,GSL,2251,within
without,without,GSL,2252,without
witness,witness,GSL,2253,witness
woman,woman,GSL,2254,woman
wonder,wonder,GSL,2255,wonder
wood,wood,GSL,2256,wood
wooden,wooden,GSL,2257,wooden
wool,wool,GSL,2258,wool
woolen,woolen,GSL,2259,woolen
word,word,GSL,2260,word
work,work,GSL,2261,work
world,world,GSL,2262,world
worm,worm,GSL,2263,worm
worry,worry,GSL,2264,worry
worse,worse,GSL,2265,worse
worship,worship,GSL,2266,worship
worth,worth,GSL,2267,worth
would,would,GSL,2268,would
wound,wound,GSL,2269,wound
wrap,wrap,GSL,2270,wrap
wreck,wreck,GSL,2271,wreck
wrist,wrist,GSL,2272,wrist
write,write,GSL,2273,write
wrong,wrong,GSL,2274,wrong
yard,yard,GSL,2275,yard
year,year,GSL,2276,year
yellow,yellow,GSL,2277,yellow
yes,yes,GSL,2278,yes
yesterday,yesterday,GSL,2279,yesterday
yet,yet,GSL,2280,yet
yield,yield,GSL,2281,yield
you,you,GSL,2282,you
young,young,GSL,2283,young
youth,youth,GSL,2284,youth
zero,zero,GSL,2285,zero
am,be,GSL,1,be
is,be,GSL,1,be
are,be,GSL,1,be
was,be,GSL,1,be
were,be,GSL,1,be
been,be,GSL,1,be
being,be,GSL,1,be
have,have,GSL,2,have
has,have,GSL,2,have
had,have,GSL,2,have
having,have,GSL,2,have
do,do,GSL,3,do
does,do,GSL,3,do
did,do,GSL,3,do
done,do,GSL,3,do
doing,do,GSL,3,do
go,go,GSL,4,go
goes,go,GSL,4,go
went,go,GSL,4,go
gone,go,GSL,4,go
going,go,GSL,4,go
get,get,GSL,5,get
gets,get,GSL,5,get
got,get,GSL,5,get
gotten,get,GSL,5,get
getting,get,GSL,5,get
take,take,GSL,6,take
takes,take,GSL,6,take
took,take,GSL,6,take
taken,take,GSL,6,take
taking,take,GSL,6,take